CREATE USER 'ry_keer'@'%' IDENTIFIED BY '123456';
CREATE DATABASE ry_keer DEFAULT CHARACTER SET utf8mb4 COLLATE utf8mb4_general_ci;
GRANT ALL ON ry_keer.* to 'ry_keer'@'%';
FLUSH PRIVILEGES;

SHOW GRANTS FOR 'ry_keer'@'%';
-- ----------------------------
-- Table structure for system_login_log
-- ----------------------------
DROP TABLE IF EXISTS `system_login_log`;
CREATE TABLE `system_login_log`  (
  `id` bigint NOT NULL AUTO_INCREMENT COMMENT '访问ID',
  `log_type` bigint NOT NULL COMMENT '日志类型',
  `trace_id` varchar(64) CHARACTER SET utf8mb4 COLLATE utf8mb4_unicode_ci NOT NULL DEFAULT '' COMMENT '链路追踪编号',
  `user_id` bigint NOT NULL DEFAULT 0 COMMENT '用户编号',
  `user_type` tinyint NOT NULL DEFAULT 0 COMMENT '用户类型',
  `username` varchar(50) CHARACTER SET utf8mb4 COLLATE utf8mb4_unicode_ci NOT NULL DEFAULT '' COMMENT '用户账号',
  `result` tinyint NOT NULL COMMENT '登陆结果',
  `user_ip` varchar(50) CHARACTER SET utf8mb4 COLLATE utf8mb4_unicode_ci NOT NULL COMMENT '用户 IP',
  `user_agent` varchar(512) CHARACTER SET utf8mb4 COLLATE utf8mb4_unicode_ci NOT NULL COMMENT '浏览器 UA',
  `creator` varchar(64) CHARACTER SET utf8mb4 COLLATE utf8mb4_unicode_ci NULL DEFAULT '' COMMENT '创建者',
  `create_time` datetime NOT NULL DEFAULT CURRENT_TIMESTAMP COMMENT '创建时间',
  `updater` varchar(64) CHARACTER SET utf8mb4 COLLATE utf8mb4_unicode_ci NULL DEFAULT '' COMMENT '更新者',
  `update_time` datetime NOT NULL DEFAULT CURRENT_TIMESTAMP ON UPDATE CURRENT_TIMESTAMP COMMENT '更新时间',
  `deleted` bit(1) NOT NULL DEFAULT b'0' COMMENT '是否删除',
  `tenant_id` bigint NOT NULL DEFAULT 0 COMMENT '租户编号',
  PRIMARY KEY (`id`) USING BTREE
) ENGINE = InnoDB AUTO_INCREMENT = 3067 CHARACTER SET = utf8mb4 COLLATE = utf8mb4_unicode_ci COMMENT = '系统访问记录';

-- ----------------------------
-- Records of system_login_log
-- ----------------------------
BEGIN;
COMMIT;

-- ----------------------------
-- Table structure for infra_api_access_log
-- ----------------------------
DROP TABLE IF EXISTS `infra_api_access_log`;
CREATE TABLE `infra_api_access_log`  (
  `id` bigint NOT NULL AUTO_INCREMENT COMMENT '日志主键',
  `trace_id` varchar(64) CHARACTER SET utf8mb4 COLLATE utf8mb4_unicode_ci NOT NULL DEFAULT '' COMMENT '链路追踪编号',
  `user_id` bigint NOT NULL DEFAULT 0 COMMENT '用户编号',
  `user_type` tinyint NOT NULL DEFAULT 0 COMMENT '用户类型',
  `application_name` varchar(50) CHARACTER SET utf8mb4 COLLATE utf8mb4_unicode_ci NOT NULL COMMENT '应用名',
  `request_method` varchar(16) CHARACTER SET utf8mb4 COLLATE utf8mb4_unicode_ci NOT NULL DEFAULT '' COMMENT '请求方法名',
  `request_url` varchar(255) CHARACTER SET utf8mb4 COLLATE utf8mb4_unicode_ci NOT NULL DEFAULT '' COMMENT '请求地址',
  `request_params` text CHARACTER SET utf8mb4 COLLATE utf8mb4_unicode_ci NULL COMMENT '请求参数',
  `response_body` text CHARACTER SET utf8mb4 COLLATE utf8mb4_unicode_ci NULL COMMENT '响应结果',
  `user_ip` varchar(50) CHARACTER SET utf8mb4 COLLATE utf8mb4_unicode_ci NOT NULL COMMENT '用户 IP',
  `user_agent` varchar(512) CHARACTER SET utf8mb4 COLLATE utf8mb4_unicode_ci NOT NULL COMMENT '浏览器 UA',
  `operate_module` varchar(50) CHARACTER SET utf8mb4 COLLATE utf8mb4_unicode_ci NULL DEFAULT NULL COMMENT '操作模块',
  `operate_name` varchar(50) CHARACTER SET utf8mb4 COLLATE utf8mb4_unicode_ci NULL DEFAULT NULL COMMENT '操作名',
  `operate_type` tinyint NULL DEFAULT 0 COMMENT '操作分类',
  `begin_time` datetime NOT NULL COMMENT '开始请求时间',
  `end_time` datetime NOT NULL COMMENT '结束请求时间',
  `duration` int NOT NULL COMMENT '执行时长',
  `result_code` int NOT NULL DEFAULT 0 COMMENT '结果码',
  `result_msg` varchar(512) CHARACTER SET utf8mb4 COLLATE utf8mb4_unicode_ci NULL DEFAULT '' COMMENT '结果提示',
  `creator` varchar(64) CHARACTER SET utf8mb4 COLLATE utf8mb4_unicode_ci NULL DEFAULT '' COMMENT '创建者',
  `create_time` datetime NOT NULL DEFAULT CURRENT_TIMESTAMP COMMENT '创建时间',
  `updater` varchar(64) CHARACTER SET utf8mb4 COLLATE utf8mb4_unicode_ci NULL DEFAULT '' COMMENT '更新者',
  `update_time` datetime NOT NULL DEFAULT CURRENT_TIMESTAMP ON UPDATE CURRENT_TIMESTAMP COMMENT '更新时间',
  `deleted` bit(1) NOT NULL DEFAULT b'0' COMMENT '是否删除',
  `tenant_id` bigint NOT NULL DEFAULT 0 COMMENT '租户编号',
  PRIMARY KEY (`id`) USING BTREE,
  INDEX `idx_create_time`(`create_time` ASC) USING BTREE
) ENGINE = InnoDB AUTO_INCREMENT = 35925 CHARACTER SET = utf8mb4 COLLATE = utf8mb4_unicode_ci COMMENT = 'API 访问日志表';

-- ----------------------------
-- Records of infra_api_access_log
-- ----------------------------
BEGIN;
COMMIT;

-- ----------------------------
-- Table structure for infra_api_error_log
-- ----------------------------
DROP TABLE IF EXISTS `infra_api_error_log`;
CREATE TABLE `infra_api_error_log`  (
  `id` bigint NOT NULL AUTO_INCREMENT COMMENT '编号',
  `trace_id` varchar(64) CHARACTER SET utf8mb4 COLLATE utf8mb4_unicode_ci NOT NULL COMMENT '链路追踪编号\n     *\n     * 一般来说，通过链路追踪编号，可以将访问日志，错误日志，链路追踪日志，logger 打印日志等，结合在一起，从而进行排错。',
  `user_id` int NOT NULL DEFAULT 0 COMMENT '用户编号',
  `user_type` tinyint NOT NULL DEFAULT 0 COMMENT '用户类型',
  `application_name` varchar(50) CHARACTER SET utf8mb4 COLLATE utf8mb4_unicode_ci NOT NULL COMMENT '应用名\n     *\n     * 目前读取 spring.application.name',
  `request_method` varchar(16) CHARACTER SET utf8mb4 COLLATE utf8mb4_unicode_ci NOT NULL COMMENT '请求方法名',
  `request_url` varchar(255) CHARACTER SET utf8mb4 COLLATE utf8mb4_unicode_ci NOT NULL COMMENT '请求地址',
  `request_params` varchar(8000) CHARACTER SET utf8mb4 COLLATE utf8mb4_unicode_ci NOT NULL COMMENT '请求参数',
  `user_ip` varchar(50) CHARACTER SET utf8mb4 COLLATE utf8mb4_unicode_ci NOT NULL COMMENT '用户 IP',
  `user_agent` varchar(512) CHARACTER SET utf8mb4 COLLATE utf8mb4_unicode_ci NOT NULL COMMENT '浏览器 UA',
  `exception_time` datetime NOT NULL COMMENT '异常发生时间',
  `exception_name` varchar(128) CHARACTER SET utf8mb4 COLLATE utf8mb4_unicode_ci NOT NULL DEFAULT '' COMMENT '异常名\n     *\n     * {@link Throwable#getClass()} 的类全名',
  `exception_message` text CHARACTER SET utf8mb4 COLLATE utf8mb4_unicode_ci NOT NULL COMMENT '异常导致的消息\n     *\n     * {@link cn.iocoder.common.framework.util.ExceptionUtil#getMessage(Throwable)}',
  `exception_root_cause_message` text CHARACTER SET utf8mb4 COLLATE utf8mb4_unicode_ci NOT NULL COMMENT '异常导致的根消息\n     *\n     * {@link cn.iocoder.common.framework.util.ExceptionUtil#getRootCauseMessage(Throwable)}',
  `exception_stack_trace` text CHARACTER SET utf8mb4 COLLATE utf8mb4_unicode_ci NOT NULL COMMENT '异常的栈轨迹\n     *\n     * {@link cn.iocoder.common.framework.util.ExceptionUtil#getServiceException(Exception)}',
  `exception_class_name` varchar(512) CHARACTER SET utf8mb4 COLLATE utf8mb4_unicode_ci NOT NULL COMMENT '异常发生的类全名\n     *\n     * {@link StackTraceElement#getClassName()}',
  `exception_file_name` varchar(512) CHARACTER SET utf8mb4 COLLATE utf8mb4_unicode_ci NOT NULL COMMENT '异常发生的类文件\n     *\n     * {@link StackTraceElement#getFileName()}',
  `exception_method_name` varchar(512) CHARACTER SET utf8mb4 COLLATE utf8mb4_unicode_ci NOT NULL COMMENT '异常发生的方法名\n     *\n     * {@link StackTraceElement#getMethodName()}',
  `exception_line_number` int NOT NULL COMMENT '异常发生的方法所在行\n     *\n     * {@link StackTraceElement#getLineNumber()}',
  `process_status` tinyint NOT NULL COMMENT '处理状态',
  `process_time` datetime NULL DEFAULT NULL COMMENT '处理时间',
  `process_user_id` int NULL DEFAULT 0 COMMENT '处理用户编号',
  `creator` varchar(64) CHARACTER SET utf8mb4 COLLATE utf8mb4_unicode_ci NULL DEFAULT '' COMMENT '创建者',
  `create_time` datetime NOT NULL DEFAULT CURRENT_TIMESTAMP COMMENT '创建时间',
  `updater` varchar(64) CHARACTER SET utf8mb4 COLLATE utf8mb4_unicode_ci NULL DEFAULT '' COMMENT '更新者',
  `update_time` datetime NOT NULL DEFAULT CURRENT_TIMESTAMP ON UPDATE CURRENT_TIMESTAMP COMMENT '更新时间',
  `deleted` bit(1) NOT NULL DEFAULT b'0' COMMENT '是否删除',
  `tenant_id` bigint NOT NULL DEFAULT 0 COMMENT '租户编号',
  PRIMARY KEY (`id`) USING BTREE
) ENGINE = InnoDB AUTO_INCREMENT = 16462 CHARACTER SET = utf8mb4 COLLATE = utf8mb4_unicode_ci COMMENT = '系统异常日志';

-- ----------------------------
-- Records of infra_api_error_log
-- ----------------------------
BEGIN;
COMMIT;

-- ----------------------------
-- Table structure for system_tenant
-- ----------------------------
DROP TABLE IF EXISTS `system_tenant`;
CREATE TABLE `system_tenant`  (
  `id` bigint NOT NULL AUTO_INCREMENT COMMENT '租户编号',
  `name` varchar(30) CHARACTER SET utf8mb4 COLLATE utf8mb4_unicode_ci NOT NULL COMMENT '租户名',
  `contact_user_id` bigint NULL DEFAULT NULL COMMENT '联系人的用户编号',
  `contact_name` varchar(30) CHARACTER SET utf8mb4 COLLATE utf8mb4_unicode_ci NOT NULL COMMENT '联系人',
  `contact_mobile` varchar(500) CHARACTER SET utf8mb4 COLLATE utf8mb4_unicode_ci NULL DEFAULT NULL COMMENT '联系手机',
  `status` tinyint NOT NULL DEFAULT 0 COMMENT '租户状态（0正常 1停用）',
  `website` varchar(256) CHARACTER SET utf8mb4 COLLATE utf8mb4_unicode_ci NULL DEFAULT '' COMMENT '绑定域名',
  `package_id` bigint NOT NULL COMMENT '租户套餐编号',
  `expire_time` datetime NOT NULL COMMENT '过期时间',
  `account_count` int NOT NULL COMMENT '账号数量',
  `creator` varchar(64) CHARACTER SET utf8mb4 COLLATE utf8mb4_unicode_ci NOT NULL DEFAULT '' COMMENT '创建者',
  `create_time` datetime NOT NULL DEFAULT CURRENT_TIMESTAMP COMMENT '创建时间',
  `updater` varchar(64) CHARACTER SET utf8mb4 COLLATE utf8mb4_unicode_ci NULL DEFAULT '' COMMENT '更新者',
  `update_time` datetime NOT NULL DEFAULT CURRENT_TIMESTAMP ON UPDATE CURRENT_TIMESTAMP COMMENT '更新时间',
  `deleted` bit(1) NOT NULL DEFAULT b'0' COMMENT '是否删除',
  PRIMARY KEY (`id`) USING BTREE
) ENGINE = InnoDB AUTO_INCREMENT = 155 CHARACTER SET = utf8mb4 COLLATE = utf8mb4_unicode_ci COMMENT = '租户表';

-- ----------------------------
-- Records of system_tenant
-- ----------------------------
BEGIN;
INSERT INTO `system_tenant` (`id`, `name`, `contact_user_id`, `contact_name`, `contact_mobile`, `status`, `website`, `package_id`, `expire_time`, `account_count`, `creator`, `create_time`, `updater`, `update_time`, `deleted`) VALUES (1, '芋道源码', NULL, '芋艿', '17321315478', 0, 'www.iocoder.cn', 0, '2099-02-19 17:14:16', 9999, '1', '2021-01-05 17:03:47', '1', '2023-11-06 11:41:41', b'0');
INSERT INTO `system_tenant` (`id`, `name`, `contact_user_id`, `contact_name`, `contact_mobile`, `status`, `website`, `package_id`, `expire_time`, `account_count`, `creator`, `create_time`, `updater`, `update_time`, `deleted`) VALUES (121, '小租户', 110, '小王2', '15601691300', 0, 'zsxq.iocoder.cn', 111, '2024-03-11 00:00:00', 20, '1', '2022-02-22 00:56:14', '1', '2023-11-06 11:41:47', b'0');
INSERT INTO `system_tenant` (`id`, `name`, `contact_user_id`, `contact_name`, `contact_mobile`, `status`, `website`, `package_id`, `expire_time`, `account_count`, `creator`, `create_time`, `updater`, `update_time`, `deleted`) VALUES (122, '测试租户', 113, '芋道', '15601691300', 0, 'test.iocoder.cn', 111, '2022-04-30 00:00:00', 50, '1', '2022-03-07 21:37:58', '1', '2023-11-06 11:41:53', b'0');
INSERT INTO `system_tenant` (`id`, `name`, `contact_user_id`, `contact_name`, `contact_mobile`, `status`, `website`, `package_id`, `expire_time`, `account_count`, `creator`, `create_time`, `updater`, `update_time`, `deleted`) VALUES (151, '大租户', 126, '土豆大', NULL, 0, 'https://tudou.iocoder.cn', 111, '2023-12-08 00:00:00', 10, '1', '2023-12-02 23:35:05', '1', '2023-12-08 23:39:56', b'0');
INSERT INTO `system_tenant` (`id`, `name`, `contact_user_id`, `contact_name`, `contact_mobile`, `status`, `website`, `package_id`, `expire_time`, `account_count`, `creator`, `create_time`, `updater`, `update_time`, `deleted`) VALUES (152, '新租户', 127, '土豆', NULL, 0, 'http://xx.iocoder.cn', 111, '2025-12-31 00:00:00', 50, '1', '2023-12-30 11:43:17', '1', '2023-12-30 11:43:17', b'0');
INSERT INTO `system_tenant` (`id`, `name`, `contact_user_id`, `contact_name`, `contact_mobile`, `status`, `website`, `package_id`, `expire_time`, `account_count`, `creator`, `create_time`, `updater`, `update_time`, `deleted`) VALUES (153, '小明的租户', 128, 'xiaoming', '15601691301', 0, 'xiaoming.iocoder.cn', 111, '2025-12-01 00:00:00', 100, '1', '2024-02-27 21:58:25', '1', '2024-02-28 22:53:54', b'0');
INSERT INTO `system_tenant` (`id`, `name`, `contact_user_id`, `contact_name`, `contact_mobile`, `status`, `website`, `package_id`, `expire_time`, `account_count`, `creator`, `create_time`, `updater`, `update_time`, `deleted`) VALUES (154, 'hh', 129, 'hh', NULL, 0, 'http://hh.iocoder.cn', 111, '2024-04-30 00:00:00', 123, '1', '2024-03-30 17:52:59', '1', '2024-04-03 15:06:42', b'0');
COMMIT;

-- ----------------------------
-- Table structure for system_users
-- ----------------------------
DROP TABLE IF EXISTS `system_users`;
CREATE TABLE `system_users`  (
  `id` bigint NOT NULL AUTO_INCREMENT COMMENT '用户ID',
  `username` varchar(30) CHARACTER SET utf8mb4 COLLATE utf8mb4_unicode_ci NOT NULL COMMENT '用户账号',
  `password` varchar(100) CHARACTER SET utf8mb4 COLLATE utf8mb4_unicode_ci NOT NULL DEFAULT '' COMMENT '密码',
  `nickname` varchar(30) CHARACTER SET utf8mb4 COLLATE utf8mb4_unicode_ci NOT NULL COMMENT '用户昵称',
  `remark` varchar(500) CHARACTER SET utf8mb4 COLLATE utf8mb4_unicode_ci NULL DEFAULT NULL COMMENT '备注',
  `dept_id` bigint NULL DEFAULT NULL COMMENT '部门ID',
  `post_ids` varchar(255) CHARACTER SET utf8mb4 COLLATE utf8mb4_unicode_ci NULL DEFAULT NULL COMMENT '岗位编号数组',
  `email` varchar(50) CHARACTER SET utf8mb4 COLLATE utf8mb4_unicode_ci NULL DEFAULT '' COMMENT '用户邮箱',
  `mobile` varchar(11) CHARACTER SET utf8mb4 COLLATE utf8mb4_unicode_ci NULL DEFAULT '' COMMENT '手机号码',
  `sex` tinyint NULL DEFAULT 0 COMMENT '用户性别',
  `avatar` varchar(512) CHARACTER SET utf8mb4 COLLATE utf8mb4_unicode_ci NULL DEFAULT '' COMMENT '头像地址',
  `status` tinyint NOT NULL DEFAULT 0 COMMENT '帐号状态（0正常 1停用）',
  `login_ip` varchar(50) CHARACTER SET utf8mb4 COLLATE utf8mb4_unicode_ci NULL DEFAULT '' COMMENT '最后登录IP',
  `login_date` datetime NULL DEFAULT NULL COMMENT '最后登录时间',
  `creator` varchar(64) CHARACTER SET utf8mb4 COLLATE utf8mb4_unicode_ci NULL DEFAULT '' COMMENT '创建者',
  `create_time` datetime NOT NULL DEFAULT CURRENT_TIMESTAMP COMMENT '创建时间',
  `updater` varchar(64) CHARACTER SET utf8mb4 COLLATE utf8mb4_unicode_ci NULL DEFAULT '' COMMENT '更新者',
  `update_time` datetime NOT NULL DEFAULT CURRENT_TIMESTAMP ON UPDATE CURRENT_TIMESTAMP COMMENT '更新时间',
  `deleted` bit(1) NOT NULL DEFAULT b'0' COMMENT '是否删除',
  `tenant_id` bigint NOT NULL DEFAULT 0 COMMENT '租户编号',
  PRIMARY KEY (`id`) USING BTREE,
  UNIQUE INDEX `idx_username`(`username` ASC, `update_time` ASC, `tenant_id` ASC) USING BTREE
) ENGINE = InnoDB AUTO_INCREMENT = 130 CHARACTER SET = utf8mb4 COLLATE = utf8mb4_unicode_ci COMMENT = '用户信息表';

-- ----------------------------
-- Records of system_users
-- ----------------------------
BEGIN;
INSERT INTO `system_users` (`id`, `username`, `password`, `nickname`, `remark`, `dept_id`, `post_ids`, `email`, `mobile`, `sex`, `avatar`, `status`, `login_ip`, `login_date`, `creator`, `create_time`, `updater`, `update_time`, `deleted`, `tenant_id`) VALUES (1, 'admin', '$2a$10$mRMIYLDtRHlf6.9ipiqH1.Z.bh/R9dO9d5iHiGYPigi6r5KOoR2Wm', '芋道源码', '管理员', 103, '[1]', 'aoteman@126.com', '18818260277', 2, 'http://test.yudao.iocoder.cn/96c787a2ce88bf6d0ce3cd8b6cf5314e80e7703cd41bf4af8cd2e2909dbd6b6d.png', 0, '127.0.0.1', '2024-04-03 20:01:18', 'admin', '2021-01-05 17:03:47', NULL, '2024-04-03 20:01:18', b'0', 1);
INSERT INTO `system_users` (`id`, `username`, `password`, `nickname`, `remark`, `dept_id`, `post_ids`, `email`, `mobile`, `sex`, `avatar`, `status`, `login_ip`, `login_date`, `creator`, `create_time`, `updater`, `update_time`, `deleted`, `tenant_id`) VALUES (100, 'yudao', '$2a$10$11U48RhyJ5pSBYWSn12AD./ld671.ycSzJHbyrtpeoMeYiw31eo8a', '芋道', '不要吓我', 104, '[1]', 'yudao@iocoder.cn', '15601691300', 1, '', 1, '127.0.0.1', '2022-07-09 23:03:33', '', '2021-01-07 09:07:17', NULL, '2022-07-09 23:03:33', b'0', 1);
INSERT INTO `system_users` (`id`, `username`, `password`, `nickname`, `remark`, `dept_id`, `post_ids`, `email`, `mobile`, `sex`, `avatar`, `status`, `login_ip`, `login_date`, `creator`, `create_time`, `updater`, `update_time`, `deleted`, `tenant_id`) VALUES (103, 'yuanma', '$2a$10$YMpimV4T6BtDhIaA8jSW.u8UTGBeGhc/qwXP4oxoMr4mOw9.qttt6', '源码', NULL, 106, NULL, 'yuanma@iocoder.cn', '15601701300', 0, '', 0, '0:0:0:0:0:0:0:1', '2024-03-18 21:09:04', '', '2021-01-13 23:50:35', NULL, '2024-03-18 21:09:04', b'0', 1);
INSERT INTO `system_users` (`id`, `username`, `password`, `nickname`, `remark`, `dept_id`, `post_ids`, `email`, `mobile`, `sex`, `avatar`, `status`, `login_ip`, `login_date`, `creator`, `create_time`, `updater`, `update_time`, `deleted`, `tenant_id`) VALUES (104, 'test', '$2a$04$KhExCYl7lx6eWWZYKsibKOZ8IBJRyuNuCcEOLQ11RYhJKgHmlSwK.', '测试号', NULL, 107, '[1,2]', '111@qq.com', '15601691200', 1, '', 0, '0:0:0:0:0:0:0:1', '2024-03-26 07:11:35', '', '2021-01-21 02:13:53', NULL, '2024-03-26 07:11:35', b'0', 1);
INSERT INTO `system_users` (`id`, `username`, `password`, `nickname`, `remark`, `dept_id`, `post_ids`, `email`, `mobile`, `sex`, `avatar`, `status`, `login_ip`, `login_date`, `creator`, `create_time`, `updater`, `update_time`, `deleted`, `tenant_id`) VALUES (107, 'admin107', '$2a$10$dYOOBKMO93v/.ReCqzyFg.o67Tqk.bbc2bhrpyBGkIw9aypCtr2pm', '芋艿', NULL, NULL, NULL, '', '15601691300', 0, '', 0, '', NULL, '1', '2022-02-20 22:59:33', '1', '2022-02-27 08:26:51', b'0', 118);
INSERT INTO `system_users` (`id`, `username`, `password`, `nickname`, `remark`, `dept_id`, `post_ids`, `email`, `mobile`, `sex`, `avatar`, `status`, `login_ip`, `login_date`, `creator`, `create_time`, `updater`, `update_time`, `deleted`, `tenant_id`) VALUES (108, 'admin108', '$2a$10$y6mfvKoNYL1GXWak8nYwVOH.kCWqjactkzdoIDgiKl93WN3Ejg.Lu', '芋艿', NULL, NULL, NULL, '', '15601691300', 0, '', 0, '', NULL, '1', '2022-02-20 23:00:50', '1', '2022-02-27 08:26:53', b'0', 119);
INSERT INTO `system_users` (`id`, `username`, `password`, `nickname`, `remark`, `dept_id`, `post_ids`, `email`, `mobile`, `sex`, `avatar`, `status`, `login_ip`, `login_date`, `creator`, `create_time`, `updater`, `update_time`, `deleted`, `tenant_id`) VALUES (109, 'admin109', '$2a$10$JAqvH0tEc0I7dfDVBI7zyuB4E3j.uH6daIjV53.vUS6PknFkDJkuK', '芋艿', NULL, NULL, NULL, '', '15601691300', 0, '', 0, '', NULL, '1', '2022-02-20 23:11:50', '1', '2022-02-27 08:26:56', b'0', 120);
INSERT INTO `system_users` (`id`, `username`, `password`, `nickname`, `remark`, `dept_id`, `post_ids`, `email`, `mobile`, `sex`, `avatar`, `status`, `login_ip`, `login_date`, `creator`, `create_time`, `updater`, `update_time`, `deleted`, `tenant_id`) VALUES (110, 'admin110', '$2a$10$mRMIYLDtRHlf6.9ipiqH1.Z.bh/R9dO9d5iHiGYPigi6r5KOoR2Wm', '小王', NULL, NULL, NULL, '', '15601691300', 0, '', 0, '127.0.0.1', '2022-09-25 22:47:33', '1', '2022-02-22 00:56:14', NULL, '2022-09-25 22:47:33', b'0', 121);
INSERT INTO `system_users` (`id`, `username`, `password`, `nickname`, `remark`, `dept_id`, `post_ids`, `email`, `mobile`, `sex`, `avatar`, `status`, `login_ip`, `login_date`, `creator`, `create_time`, `updater`, `update_time`, `deleted`, `tenant_id`) VALUES (111, 'test', '$2a$10$mRMIYLDtRHlf6.9ipiqH1.Z.bh/R9dO9d5iHiGYPigi6r5KOoR2Wm', '测试用户', NULL, NULL, '[]', '', '', 0, '', 0, '0:0:0:0:0:0:0:1', '2023-12-30 11:42:17', '110', '2022-02-23 13:14:33', NULL, '2023-12-30 11:42:17', b'0', 121);
INSERT INTO `system_users` (`id`, `username`, `password`, `nickname`, `remark`, `dept_id`, `post_ids`, `email`, `mobile`, `sex`, `avatar`, `status`, `login_ip`, `login_date`, `creator`, `create_time`, `updater`, `update_time`, `deleted`, `tenant_id`) VALUES (112, 'newobject', '$2a$04$dB0z8Q819fJWz0hbaLe6B.VfHCjYgWx6LFfET5lyz3JwcqlyCkQ4C', '新对象', NULL, 100, '[]', '', '15601691235', 1, '', 0, '0:0:0:0:0:0:0:1', '2024-03-16 23:11:38', '1', '2022-02-23 19:08:03', NULL, '2024-03-16 23:11:38', b'0', 1);
INSERT INTO `system_users` (`id`, `username`, `password`, `nickname`, `remark`, `dept_id`, `post_ids`, `email`, `mobile`, `sex`, `avatar`, `status`, `login_ip`, `login_date`, `creator`, `create_time`, `updater`, `update_time`, `deleted`, `tenant_id`) VALUES (113, 'aoteman', '$2a$10$0acJOIk2D25/oC87nyclE..0lzeu9DtQ/n3geP4fkun/zIVRhHJIO', '芋道', NULL, NULL, NULL, '', '15601691300', 0, '', 0, '127.0.0.1', '2022-03-19 18:38:51', '1', '2022-03-07 21:37:58', NULL, '2022-03-19 18:38:51', b'0', 122);
INSERT INTO `system_users` (`id`, `username`, `password`, `nickname`, `remark`, `dept_id`, `post_ids`, `email`, `mobile`, `sex`, `avatar`, `status`, `login_ip`, `login_date`, `creator`, `create_time`, `updater`, `update_time`, `deleted`, `tenant_id`) VALUES (114, 'hrmgr', '$2a$10$TR4eybBioGRhBmDBWkqWLO6NIh3mzYa8KBKDDB5woiGYFVlRAi.fu', 'hr 小姐姐', NULL, NULL, '[5]', '', '15601691236', 1, '', 0, '0:0:0:0:0:0:0:1', '2024-03-24 22:21:05', '1', '2022-03-19 21:50:58', NULL, '2024-03-24 22:21:05', b'0', 1);
INSERT INTO `system_users` (`id`, `username`, `password`, `nickname`, `remark`, `dept_id`, `post_ids`, `email`, `mobile`, `sex`, `avatar`, `status`, `login_ip`, `login_date`, `creator`, `create_time`, `updater`, `update_time`, `deleted`, `tenant_id`) VALUES (115, 'aotemane', '$2a$10$/WCwGHu1eq0wOVDd/u8HweJ0gJCHyLS6T7ndCqI8UXZAQom1etk2e', '1', '11', 101, '[]', '', '15601691238', 1, '', 0, '', NULL, '1', '2022-04-30 02:55:43', '1', '2024-03-15 19:48:22', b'0', 1);
INSERT INTO `system_users` (`id`, `username`, `password`, `nickname`, `remark`, `dept_id`, `post_ids`, `email`, `mobile`, `sex`, `avatar`, `status`, `login_ip`, `login_date`, `creator`, `create_time`, `updater`, `update_time`, `deleted`, `tenant_id`) VALUES (116, '15601691302', '$2a$10$L5C4S0U6adBWMvFv1Wwl4.DI/NwYS3WIfLj5Q.Naqr5II8CmqsDZ6', '小豆', NULL, NULL, NULL, '', '', 0, '', 0, '', NULL, '1', '2022-05-17 10:07:10', '1', '2022-05-17 10:07:10', b'0', 124);
INSERT INTO `system_users` (`id`, `username`, `password`, `nickname`, `remark`, `dept_id`, `post_ids`, `email`, `mobile`, `sex`, `avatar`, `status`, `login_ip`, `login_date`, `creator`, `create_time`, `updater`, `update_time`, `deleted`, `tenant_id`) VALUES (117, 'admin123', '$2a$10$WI8Gg/lpZQIrOEZMHqka7OdFaD4Nx.B/qY8ZGTTUKrOJwaHFqibaC', '测试号', '1111', 100, '[2]', '', '15601691234', 1, '', 0, '', NULL, '1', '2022-07-09 17:40:26', '1', '2022-07-09 17:40:26', b'0', 1);
INSERT INTO `system_users` (`id`, `username`, `password`, `nickname`, `remark`, `dept_id`, `post_ids`, `email`, `mobile`, `sex`, `avatar`, `status`, `login_ip`, `login_date`, `creator`, `create_time`, `updater`, `update_time`, `deleted`, `tenant_id`) VALUES (118, 'goudan', '$2a$04$OB1SuphCdiLVRpiYRKeqH.8NYS7UIp5vmIv1W7U4w6toiFeOAATVK', '狗蛋', NULL, 103, '[1]', '', '15601691239', 2, '', 0, '0:0:0:0:0:0:0:1', '2024-03-17 09:10:27', '1', '2022-07-09 17:44:43', NULL, '2024-03-17 09:10:27', b'0', 1);
INSERT INTO `system_users` (`id`, `username`, `password`, `nickname`, `remark`, `dept_id`, `post_ids`, `email`, `mobile`, `sex`, `avatar`, `status`, `login_ip`, `login_date`, `creator`, `create_time`, `updater`, `update_time`, `deleted`, `tenant_id`) VALUES (126, 'tudou123', '$2a$04$lecJZ/CqgknEp7mDV2d4ou0beyj1GbM3.nVEZe//8WgQpR.JBgnAu', '土豆', NULL, NULL, NULL, '', '', 0, '', 0, '', NULL, '1', '2023-12-02 23:35:05', '1', '2023-12-02 23:35:05', b'0', 151);
INSERT INTO `system_users` (`id`, `username`, `password`, `nickname`, `remark`, `dept_id`, `post_ids`, `email`, `mobile`, `sex`, `avatar`, `status`, `login_ip`, `login_date`, `creator`, `create_time`, `updater`, `update_time`, `deleted`, `tenant_id`) VALUES (127, 'admin2024', '$2a$04$cHdZ7N6AUKysa2XTUG/J/egYtAzdwtpnNpcMVHDrupt1dyn4teOku', '土豆', NULL, NULL, NULL, '', '', 0, '', 0, '0:0:0:0:0:0:0:1', '2023-12-30 11:43:28', '1', '2023-12-30 11:43:17', NULL, '2023-12-30 11:43:28', b'0', 152);
INSERT INTO `system_users` (`id`, `username`, `password`, `nickname`, `remark`, `dept_id`, `post_ids`, `email`, `mobile`, `sex`, `avatar`, `status`, `login_ip`, `login_date`, `creator`, `create_time`, `updater`, `update_time`, `deleted`, `tenant_id`) VALUES (128, 'xiaoming', '$2a$04$BRinw4an9PBGvx6K7GLNre6rWU0.1HMYHkQCN6Oir74zNFKkNKRzm', 'xiaoming', NULL, NULL, NULL, '', '15601691301', 0, '', 0, '0:0:0:0:0:0:0:1', '2024-02-29 23:48:33', '1', '2024-02-27 21:58:25', NULL, '2024-02-29 23:48:33', b'0', 153);
INSERT INTO `system_users` (`id`, `username`, `password`, `nickname`, `remark`, `dept_id`, `post_ids`, `email`, `mobile`, `sex`, `avatar`, `status`, `login_ip`, `login_date`, `creator`, `create_time`, `updater`, `update_time`, `deleted`, `tenant_id`) VALUES (129, 'hh123456', '$2a$04$8mHJM7n03bcNjtaw.IlfV.l38ikWWFJQ7NR1rHywavN7v2UyoDjwq', 'hh', NULL, NULL, NULL, '', '', 0, '', 0, '0:0:0:0:0:0:0:1', '2024-03-30 17:53:24', '1', '2024-03-30 17:52:59', NULL, '2024-03-30 17:53:24', b'0', 154);
COMMIT;

-- ----------------------------
-- Table structure for system_oauth2_access_token
-- ----------------------------
DROP TABLE IF EXISTS `system_oauth2_access_token`;
CREATE TABLE `system_oauth2_access_token`  (
  `id` bigint NOT NULL AUTO_INCREMENT COMMENT '编号',
  `user_id` bigint NOT NULL COMMENT '用户编号',
  `user_type` tinyint NOT NULL COMMENT '用户类型',
  `access_token` varchar(255) CHARACTER SET utf8mb4 COLLATE utf8mb4_unicode_ci NOT NULL COMMENT '访问令牌',
  `refresh_token` varchar(32) CHARACTER SET utf8mb4 COLLATE utf8mb4_unicode_ci NOT NULL COMMENT '刷新令牌',
  `client_id` varchar(255) CHARACTER SET utf8mb4 COLLATE utf8mb4_unicode_ci NOT NULL COMMENT '客户端编号',
  `scopes` varchar(255) CHARACTER SET utf8mb4 COLLATE utf8mb4_unicode_ci NULL DEFAULT NULL COMMENT '授权范围',
  `expires_time` datetime NOT NULL COMMENT '过期时间',
  `creator` varchar(64) CHARACTER SET utf8mb4 COLLATE utf8mb4_unicode_ci NULL DEFAULT '' COMMENT '创建者',
  `create_time` datetime NOT NULL DEFAULT CURRENT_TIMESTAMP COMMENT '创建时间',
  `updater` varchar(64) CHARACTER SET utf8mb4 COLLATE utf8mb4_unicode_ci NULL DEFAULT '' COMMENT '更新者',
  `update_time` datetime NOT NULL DEFAULT CURRENT_TIMESTAMP ON UPDATE CURRENT_TIMESTAMP COMMENT '更新时间',
  `deleted` bit(1) NOT NULL DEFAULT b'0' COMMENT '是否删除',
  `tenant_id` bigint NOT NULL DEFAULT 0 COMMENT '租户编号',
  PRIMARY KEY (`id`) USING BTREE,
  INDEX `idx_access_token`(`access_token` ASC) USING BTREE,
  INDEX `idx_refresh_token`(`refresh_token` ASC) USING BTREE
) ENGINE = InnoDB AUTO_INCREMENT = 6372 CHARACTER SET = utf8mb4 COLLATE = utf8mb4_unicode_ci COMMENT = 'OAuth2 访问令牌';

-- ----------------------------
-- Records of system_oauth2_access_token
-- ----------------------------
BEGIN;
COMMIT;

-- ----------------------------
-- Table structure for system_oauth2_code
-- ----------------------------
DROP TABLE IF EXISTS `system_oauth2_code`;
CREATE TABLE `system_oauth2_code`  (
  `id` bigint NOT NULL AUTO_INCREMENT COMMENT '编号',
  `user_id` bigint NOT NULL COMMENT '用户编号',
  `user_type` tinyint NOT NULL COMMENT '用户类型',
  `code` varchar(32) CHARACTER SET utf8mb4 COLLATE utf8mb4_unicode_ci NOT NULL COMMENT '授权码',
  `client_id` varchar(255) CHARACTER SET utf8mb4 COLLATE utf8mb4_unicode_ci NOT NULL COMMENT '客户端编号',
  `scopes` varchar(255) CHARACTER SET utf8mb4 COLLATE utf8mb4_unicode_ci NULL DEFAULT '' COMMENT '授权范围',
  `expires_time` datetime NOT NULL COMMENT '过期时间',
  `redirect_uri` varchar(255) CHARACTER SET utf8mb4 COLLATE utf8mb4_unicode_ci NULL DEFAULT NULL COMMENT '可重定向的 URI 地址',
  `state` varchar(255) CHARACTER SET utf8mb4 COLLATE utf8mb4_unicode_ci NOT NULL DEFAULT '' COMMENT '状态',
  `creator` varchar(64) CHARACTER SET utf8mb4 COLLATE utf8mb4_unicode_ci NULL DEFAULT '' COMMENT '创建者',
  `create_time` datetime NOT NULL DEFAULT CURRENT_TIMESTAMP COMMENT '创建时间',
  `updater` varchar(64) CHARACTER SET utf8mb4 COLLATE utf8mb4_unicode_ci NULL DEFAULT '' COMMENT '更新者',
  `update_time` datetime NOT NULL DEFAULT CURRENT_TIMESTAMP ON UPDATE CURRENT_TIMESTAMP COMMENT '更新时间',
  `deleted` bit(1) NOT NULL DEFAULT b'0' COMMENT '是否删除',
  `tenant_id` bigint NOT NULL DEFAULT 0 COMMENT '租户编号',
  PRIMARY KEY (`id`) USING BTREE
) ENGINE = InnoDB AUTO_INCREMENT = 147 CHARACTER SET = utf8mb4 COLLATE = utf8mb4_unicode_ci COMMENT = 'OAuth2 授权码表';

-- ----------------------------
-- Records of system_oauth2_code
-- ----------------------------
BEGIN;
COMMIT;

-- ----------------------------
-- Table structure for system_oauth2_refresh_token
-- ----------------------------
DROP TABLE IF EXISTS `system_oauth2_refresh_token`;
CREATE TABLE `system_oauth2_refresh_token`  (
  `id` bigint NOT NULL AUTO_INCREMENT COMMENT '编号',
  `user_id` bigint NOT NULL COMMENT '用户编号',
  `refresh_token` varchar(32) CHARACTER SET utf8mb4 COLLATE utf8mb4_unicode_ci NOT NULL COMMENT '刷新令牌',
  `user_type` tinyint NOT NULL COMMENT '用户类型',
  `client_id` varchar(255) CHARACTER SET utf8mb4 COLLATE utf8mb4_unicode_ci NOT NULL COMMENT '客户端编号',
  `scopes` varchar(255) CHARACTER SET utf8mb4 COLLATE utf8mb4_unicode_ci NULL DEFAULT NULL COMMENT '授权范围',
  `expires_time` datetime NOT NULL COMMENT '过期时间',
  `creator` varchar(64) CHARACTER SET utf8mb4 COLLATE utf8mb4_unicode_ci NULL DEFAULT '' COMMENT '创建者',
  `create_time` datetime NOT NULL DEFAULT CURRENT_TIMESTAMP COMMENT '创建时间',
  `updater` varchar(64) CHARACTER SET utf8mb4 COLLATE utf8mb4_unicode_ci NULL DEFAULT '' COMMENT '更新者',
  `update_time` datetime NOT NULL DEFAULT CURRENT_TIMESTAMP ON UPDATE CURRENT_TIMESTAMP COMMENT '更新时间',
  `deleted` bit(1) NOT NULL DEFAULT b'0' COMMENT '是否删除',
  `tenant_id` bigint NOT NULL DEFAULT 0 COMMENT '租户编号',
  PRIMARY KEY (`id`) USING BTREE
) ENGINE = InnoDB AUTO_INCREMENT = 1442 CHARACTER SET = utf8mb4 COLLATE = utf8mb4_unicode_ci COMMENT = 'OAuth2 刷新令牌';

-- ----------------------------
-- Records of system_oauth2_refresh_token
-- ----------------------------
BEGIN;
COMMIT;



-- ----------------------------
-- Table structure for system_oauth2_client
-- ----------------------------
DROP TABLE IF EXISTS `system_oauth2_client`;
CREATE TABLE `system_oauth2_client`  (
  `id` bigint NOT NULL AUTO_INCREMENT COMMENT '编号',
  `client_id` varchar(255) CHARACTER SET utf8mb4 COLLATE utf8mb4_unicode_ci NOT NULL COMMENT '客户端编号',
  `secret` varchar(255) CHARACTER SET utf8mb4 COLLATE utf8mb4_unicode_ci NOT NULL COMMENT '客户端密钥',
  `name` varchar(255) CHARACTER SET utf8mb4 COLLATE utf8mb4_unicode_ci NOT NULL COMMENT '应用名',
  `logo` varchar(255) CHARACTER SET utf8mb4 COLLATE utf8mb4_unicode_ci NOT NULL COMMENT '应用图标',
  `description` varchar(255) CHARACTER SET utf8mb4 COLLATE utf8mb4_unicode_ci NULL DEFAULT NULL COMMENT '应用描述',
  `status` tinyint NOT NULL COMMENT '状态',
  `access_token_validity_seconds` int NOT NULL COMMENT '访问令牌的有效期',
  `refresh_token_validity_seconds` int NOT NULL COMMENT '刷新令牌的有效期',
  `redirect_uris` varchar(255) CHARACTER SET utf8mb4 COLLATE utf8mb4_unicode_ci NOT NULL COMMENT '可重定向的 URI 地址',
  `authorized_grant_types` varchar(255) CHARACTER SET utf8mb4 COLLATE utf8mb4_unicode_ci NOT NULL COMMENT '授权类型',
  `scopes` varchar(255) CHARACTER SET utf8mb4 COLLATE utf8mb4_unicode_ci NULL DEFAULT NULL COMMENT '授权范围',
  `auto_approve_scopes` varchar(255) CHARACTER SET utf8mb4 COLLATE utf8mb4_unicode_ci NULL DEFAULT NULL COMMENT '自动通过的授权范围',
  `authorities` varchar(255) CHARACTER SET utf8mb4 COLLATE utf8mb4_unicode_ci NULL DEFAULT NULL COMMENT '权限',
  `resource_ids` varchar(255) CHARACTER SET utf8mb4 COLLATE utf8mb4_unicode_ci NULL DEFAULT NULL COMMENT '资源',
  `additional_information` varchar(4096) CHARACTER SET utf8mb4 COLLATE utf8mb4_unicode_ci NULL DEFAULT NULL COMMENT '附加信息',
  `creator` varchar(64) CHARACTER SET utf8mb4 COLLATE utf8mb4_unicode_ci NULL DEFAULT '' COMMENT '创建者',
  `create_time` datetime NOT NULL DEFAULT CURRENT_TIMESTAMP COMMENT '创建时间',
  `updater` varchar(64) CHARACTER SET utf8mb4 COLLATE utf8mb4_unicode_ci NULL DEFAULT '' COMMENT '更新者',
  `update_time` datetime NOT NULL DEFAULT CURRENT_TIMESTAMP ON UPDATE CURRENT_TIMESTAMP COMMENT '更新时间',
  `deleted` bit(1) NOT NULL DEFAULT b'0' COMMENT '是否删除',
  PRIMARY KEY (`id`) USING BTREE
) ENGINE = InnoDB AUTO_INCREMENT = 43 CHARACTER SET = utf8mb4 COLLATE = utf8mb4_unicode_ci COMMENT = 'OAuth2 客户端表';

-- ----------------------------
-- Records of system_oauth2_client
-- ----------------------------
BEGIN;
INSERT INTO `system_oauth2_client` (`id`, `client_id`, `secret`, `name`, `logo`, `description`, `status`, `access_token_validity_seconds`, `refresh_token_validity_seconds`, `redirect_uris`, `authorized_grant_types`, `scopes`, `auto_approve_scopes`, `authorities`, `resource_ids`, `additional_information`, `creator`, `create_time`, `updater`, `update_time`, `deleted`) VALUES (1, 'default', 'admin123', '芋道源码', 'http://test.yudao.iocoder.cn/a5e2e244368878a366b516805a4aabf1.png', '我是描述', 0, 1800, 2592000, '[\"https://www.iocoder.cn\",\"https://doc.iocoder.cn\"]', '[\"password\",\"authorization_code\",\"implicit\",\"refresh_token\"]', '[\"user.read\",\"user.write\"]', '[]', '[\"user.read\",\"user.write\"]', '[]', '{}', '1', '2022-05-11 21:47:12', '1', '2024-02-22 16:31:52', b'0');
INSERT INTO `system_oauth2_client` (`id`, `client_id`, `secret`, `name`, `logo`, `description`, `status`, `access_token_validity_seconds`, `refresh_token_validity_seconds`, `redirect_uris`, `authorized_grant_types`, `scopes`, `auto_approve_scopes`, `authorities`, `resource_ids`, `additional_information`, `creator`, `create_time`, `updater`, `update_time`, `deleted`) VALUES (40, 'test', 'test2', 'biubiu', 'http://test.yudao.iocoder.cn/277a899d573723f1fcdfb57340f00379.png', '啦啦啦啦', 0, 1800, 43200, '[\"https://www.iocoder.cn\"]', '[\"password\",\"authorization_code\",\"implicit\"]', '[\"user_info\",\"projects\"]', '[\"user_info\"]', '[]', '[]', '{}', '1', '2022-05-12 00:28:20', '1', '2023-12-02 21:01:01', b'0');
INSERT INTO `system_oauth2_client` (`id`, `client_id`, `secret`, `name`, `logo`, `description`, `status`, `access_token_validity_seconds`, `refresh_token_validity_seconds`, `redirect_uris`, `authorized_grant_types`, `scopes`, `auto_approve_scopes`, `authorities`, `resource_ids`, `additional_information`, `creator`, `create_time`, `updater`, `update_time`, `deleted`) VALUES (41, 'yudao-sso-demo-by-code', 'test', '基于授权码模式，如何实现 SSO 单点登录？', 'http://test.yudao.iocoder.cn/fe4ed36596adad5120036ef61a6d0153654544d44af8dd4ad3ffe8f759933d6f.png', NULL, 0, 1800, 43200, '[\"http://127.0.0.1:18080\"]', '[\"authorization_code\",\"refresh_token\"]', '[\"user.read\",\"user.write\"]', '[]', '[]', '[]', NULL, '1', '2022-09-29 13:28:31', '1', '2022-09-29 13:28:31', b'0');
INSERT INTO `system_oauth2_client` (`id`, `client_id`, `secret`, `name`, `logo`, `description`, `status`, `access_token_validity_seconds`, `refresh_token_validity_seconds`, `redirect_uris`, `authorized_grant_types`, `scopes`, `auto_approve_scopes`, `authorities`, `resource_ids`, `additional_information`, `creator`, `create_time`, `updater`, `update_time`, `deleted`) VALUES (42, 'yudao-sso-demo-by-password', 'test', '基于密码模式，如何实现 SSO 单点登录？', 'http://test.yudao.iocoder.cn/604bdc695e13b3b22745be704d1f2aa8ee05c5f26f9fead6d1ca49005afbc857.jpeg', NULL, 0, 1800, 43200, '[\"http://127.0.0.1:18080\"]', '[\"password\",\"refresh_token\"]', '[\"user.read\",\"user.write\"]', '[]', '[]', '[]', NULL, '1', '2022-10-04 17:40:16', '1', '2022-10-04 20:31:21', b'0');
COMMIT;



-- ----------------------------
-- Table structure for system_dict_data
-- ----------------------------
DROP TABLE IF EXISTS `system_dict_data`;
CREATE TABLE `system_dict_data`  (
  `id` bigint NOT NULL AUTO_INCREMENT COMMENT '字典编码',
  `sort` int NOT NULL DEFAULT 0 COMMENT '字典排序',
  `label` varchar(100) CHARACTER SET utf8mb4 COLLATE utf8mb4_unicode_ci NOT NULL DEFAULT '' COMMENT '字典标签',
  `value` varchar(100) CHARACTER SET utf8mb4 COLLATE utf8mb4_unicode_ci NOT NULL DEFAULT '' COMMENT '字典键值',
  `dict_type` varchar(100) CHARACTER SET utf8mb4 COLLATE utf8mb4_unicode_ci NOT NULL DEFAULT '' COMMENT '字典类型',
  `status` tinyint NOT NULL DEFAULT 0 COMMENT '状态（0正常 1停用）',
  `color_type` varchar(100) CHARACTER SET utf8mb4 COLLATE utf8mb4_unicode_ci NULL DEFAULT '' COMMENT '颜色类型',
  `css_class` varchar(100) CHARACTER SET utf8mb4 COLLATE utf8mb4_unicode_ci NULL DEFAULT '' COMMENT 'css 样式',
  `remark` varchar(500) CHARACTER SET utf8mb4 COLLATE utf8mb4_unicode_ci NULL DEFAULT NULL COMMENT '备注',
  `creator` varchar(64) CHARACTER SET utf8mb4 COLLATE utf8mb4_unicode_ci NULL DEFAULT '' COMMENT '创建者',
  `create_time` datetime NOT NULL DEFAULT CURRENT_TIMESTAMP COMMENT '创建时间',
  `updater` varchar(64) CHARACTER SET utf8mb4 COLLATE utf8mb4_unicode_ci NULL DEFAULT '' COMMENT '更新者',
  `update_time` datetime NOT NULL DEFAULT CURRENT_TIMESTAMP ON UPDATE CURRENT_TIMESTAMP COMMENT '更新时间',
  `deleted` bit(1) NOT NULL DEFAULT b'0' COMMENT '是否删除',
  PRIMARY KEY (`id`) USING BTREE
) ENGINE = InnoDB AUTO_INCREMENT = 1534 CHARACTER SET = utf8mb4 COLLATE = utf8mb4_unicode_ci COMMENT = '字典数据表';

-- ----------------------------
-- Records of system_dict_data
-- ----------------------------
BEGIN;
INSERT INTO `system_dict_data` (`id`, `sort`, `label`, `value`, `dict_type`, `status`, `color_type`, `css_class`, `remark`, `creator`, `create_time`, `updater`, `update_time`, `deleted`) VALUES (1, 1, '男', '1', 'system_user_sex', 0, 'default', 'A', '性别男', 'admin', '2021-01-05 17:03:48', '1', '2022-03-29 00:14:39', b'0');
INSERT INTO `system_dict_data` (`id`, `sort`, `label`, `value`, `dict_type`, `status`, `color_type`, `css_class`, `remark`, `creator`, `create_time`, `updater`, `update_time`, `deleted`) VALUES (2, 2, '女', '2', 'system_user_sex', 0, 'success', '', '性别女', 'admin', '2021-01-05 17:03:48', '1', '2023-11-15 23:30:37', b'0');
INSERT INTO `system_dict_data` (`id`, `sort`, `label`, `value`, `dict_type`, `status`, `color_type`, `css_class`, `remark`, `creator`, `create_time`, `updater`, `update_time`, `deleted`) VALUES (8, 1, '正常', '1', 'infra_job_status', 0, 'success', '', '正常状态', 'admin', '2021-01-05 17:03:48', '1', '2022-02-16 19:33:38', b'0');
INSERT INTO `system_dict_data` (`id`, `sort`, `label`, `value`, `dict_type`, `status`, `color_type`, `css_class`, `remark`, `creator`, `create_time`, `updater`, `update_time`, `deleted`) VALUES (9, 2, '暂停', '2', 'infra_job_status', 0, 'danger', '', '停用状态', 'admin', '2021-01-05 17:03:48', '1', '2022-02-16 19:33:45', b'0');
INSERT INTO `system_dict_data` (`id`, `sort`, `label`, `value`, `dict_type`, `status`, `color_type`, `css_class`, `remark`, `creator`, `create_time`, `updater`, `update_time`, `deleted`) VALUES (12, 1, '系统内置', '1', 'infra_config_type', 0, 'danger', '', '参数类型 - 系统内置', 'admin', '2021-01-05 17:03:48', '1', '2022-02-16 19:06:02', b'0');
INSERT INTO `system_dict_data` (`id`, `sort`, `label`, `value`, `dict_type`, `status`, `color_type`, `css_class`, `remark`, `creator`, `create_time`, `updater`, `update_time`, `deleted`) VALUES (13, 2, '自定义', '2', 'infra_config_type', 0, 'primary', '', '参数类型 - 自定义', 'admin', '2021-01-05 17:03:48', '1', '2022-02-16 19:06:07', b'0');
INSERT INTO `system_dict_data` (`id`, `sort`, `label`, `value`, `dict_type`, `status`, `color_type`, `css_class`, `remark`, `creator`, `create_time`, `updater`, `update_time`, `deleted`) VALUES (14, 1, '通知', '1', 'system_notice_type', 0, 'success', '', '通知', 'admin', '2021-01-05 17:03:48', '1', '2022-02-16 13:05:57', b'0');
INSERT INTO `system_dict_data` (`id`, `sort`, `label`, `value`, `dict_type`, `status`, `color_type`, `css_class`, `remark`, `creator`, `create_time`, `updater`, `update_time`, `deleted`) VALUES (15, 2, '公告', '2', 'system_notice_type', 0, 'info', '', '公告', 'admin', '2021-01-05 17:03:48', '1', '2022-02-16 13:06:01', b'0');
INSERT INTO `system_dict_data` (`id`, `sort`, `label`, `value`, `dict_type`, `status`, `color_type`, `css_class`, `remark`, `creator`, `create_time`, `updater`, `update_time`, `deleted`) VALUES (16, 0, '其它', '0', 'system_operate_type', 0, 'default', '', '其它操作', 'admin', '2021-01-05 17:03:48', '1', '2022-02-16 09:32:46', b'0');
INSERT INTO `system_dict_data` (`id`, `sort`, `label`, `value`, `dict_type`, `status`, `color_type`, `css_class`, `remark`, `creator`, `create_time`, `updater`, `update_time`, `deleted`) VALUES (17, 1, '查询', '1', 'system_operate_type', 0, 'info', '', '查询操作', 'admin', '2021-01-05 17:03:48', '1', '2022-02-16 09:33:16', b'0');
INSERT INTO `system_dict_data` (`id`, `sort`, `label`, `value`, `dict_type`, `status`, `color_type`, `css_class`, `remark`, `creator`, `create_time`, `updater`, `update_time`, `deleted`) VALUES (18, 2, '新增', '2', 'system_operate_type', 0, 'primary', '', '新增操作', 'admin', '2021-01-05 17:03:48', '1', '2022-02-16 09:33:13', b'0');
INSERT INTO `system_dict_data` (`id`, `sort`, `label`, `value`, `dict_type`, `status`, `color_type`, `css_class`, `remark`, `creator`, `create_time`, `updater`, `update_time`, `deleted`) VALUES (19, 3, '修改', '3', 'system_operate_type', 0, 'warning', '', '修改操作', 'admin', '2021-01-05 17:03:48', '1', '2022-02-16 09:33:22', b'0');
INSERT INTO `system_dict_data` (`id`, `sort`, `label`, `value`, `dict_type`, `status`, `color_type`, `css_class`, `remark`, `creator`, `create_time`, `updater`, `update_time`, `deleted`) VALUES (20, 4, '删除', '4', 'system_operate_type', 0, 'danger', '', '删除操作', 'admin', '2021-01-05 17:03:48', '1', '2022-02-16 09:33:27', b'0');
INSERT INTO `system_dict_data` (`id`, `sort`, `label`, `value`, `dict_type`, `status`, `color_type`, `css_class`, `remark`, `creator`, `create_time`, `updater`, `update_time`, `deleted`) VALUES (22, 5, '导出', '5', 'system_operate_type', 0, 'default', '', '导出操作', 'admin', '2021-01-05 17:03:48', '1', '2022-02-16 09:33:32', b'0');
INSERT INTO `system_dict_data` (`id`, `sort`, `label`, `value`, `dict_type`, `status`, `color_type`, `css_class`, `remark`, `creator`, `create_time`, `updater`, `update_time`, `deleted`) VALUES (23, 6, '导入', '6', 'system_operate_type', 0, 'default', '', '导入操作', 'admin', '2021-01-05 17:03:48', '1', '2022-02-16 09:33:35', b'0');
INSERT INTO `system_dict_data` (`id`, `sort`, `label`, `value`, `dict_type`, `status`, `color_type`, `css_class`, `remark`, `creator`, `create_time`, `updater`, `update_time`, `deleted`) VALUES (27, 1, '开启', '0', 'common_status', 0, 'primary', '', '开启状态', 'admin', '2021-01-05 17:03:48', '1', '2022-02-16 08:00:39', b'0');
INSERT INTO `system_dict_data` (`id`, `sort`, `label`, `value`, `dict_type`, `status`, `color_type`, `css_class`, `remark`, `creator`, `create_time`, `updater`, `update_time`, `deleted`) VALUES (28, 2, '关闭', '1', 'common_status', 0, 'info', '', '关闭状态', 'admin', '2021-01-05 17:03:48', '1', '2022-02-16 08:00:44', b'0');
INSERT INTO `system_dict_data` (`id`, `sort`, `label`, `value`, `dict_type`, `status`, `color_type`, `css_class`, `remark`, `creator`, `create_time`, `updater`, `update_time`, `deleted`) VALUES (29, 1, '目录', '1', 'system_menu_type', 0, '', '', '目录', 'admin', '2021-01-05 17:03:48', '', '2022-02-01 16:43:45', b'0');
INSERT INTO `system_dict_data` (`id`, `sort`, `label`, `value`, `dict_type`, `status`, `color_type`, `css_class`, `remark`, `creator`, `create_time`, `updater`, `update_time`, `deleted`) VALUES (30, 2, '菜单', '2', 'system_menu_type', 0, '', '', '菜单', 'admin', '2021-01-05 17:03:48', '', '2022-02-01 16:43:41', b'0');
INSERT INTO `system_dict_data` (`id`, `sort`, `label`, `value`, `dict_type`, `status`, `color_type`, `css_class`, `remark`, `creator`, `create_time`, `updater`, `update_time`, `deleted`) VALUES (31, 3, '按钮', '3', 'system_menu_type', 0, '', '', '按钮', 'admin', '2021-01-05 17:03:48', '', '2022-02-01 16:43:39', b'0');
INSERT INTO `system_dict_data` (`id`, `sort`, `label`, `value`, `dict_type`, `status`, `color_type`, `css_class`, `remark`, `creator`, `create_time`, `updater`, `update_time`, `deleted`) VALUES (32, 1, '内置', '1', 'system_role_type', 0, 'danger', '', '内置角色', 'admin', '2021-01-05 17:03:48', '1', '2022-02-16 13:02:08', b'0');
INSERT INTO `system_dict_data` (`id`, `sort`, `label`, `value`, `dict_type`, `status`, `color_type`, `css_class`, `remark`, `creator`, `create_time`, `updater`, `update_time`, `deleted`) VALUES (33, 2, '自定义', '2', 'system_role_type', 0, 'primary', '', '自定义角色', 'admin', '2021-01-05 17:03:48', '1', '2022-02-16 13:02:12', b'0');
INSERT INTO `system_dict_data` (`id`, `sort`, `label`, `value`, `dict_type`, `status`, `color_type`, `css_class`, `remark`, `creator`, `create_time`, `updater`, `update_time`, `deleted`) VALUES (34, 1, '全部数据权限', '1', 'system_data_scope', 0, '', '', '全部数据权限', 'admin', '2021-01-05 17:03:48', '', '2022-02-01 16:47:17', b'0');
INSERT INTO `system_dict_data` (`id`, `sort`, `label`, `value`, `dict_type`, `status`, `color_type`, `css_class`, `remark`, `creator`, `create_time`, `updater`, `update_time`, `deleted`) VALUES (35, 2, '指定部门数据权限', '2', 'system_data_scope', 0, '', '', '指定部门数据权限', 'admin', '2021-01-05 17:03:48', '', '2022-02-01 16:47:18', b'0');
INSERT INTO `system_dict_data` (`id`, `sort`, `label`, `value`, `dict_type`, `status`, `color_type`, `css_class`, `remark`, `creator`, `create_time`, `updater`, `update_time`, `deleted`) VALUES (36, 3, '本部门数据权限', '3', 'system_data_scope', 0, '', '', '本部门数据权限', 'admin', '2021-01-05 17:03:48', '', '2022-02-01 16:47:16', b'0');
INSERT INTO `system_dict_data` (`id`, `sort`, `label`, `value`, `dict_type`, `status`, `color_type`, `css_class`, `remark`, `creator`, `create_time`, `updater`, `update_time`, `deleted`) VALUES (37, 4, '本部门及以下数据权限', '4', 'system_data_scope', 0, '', '', '本部门及以下数据权限', 'admin', '2021-01-05 17:03:48', '', '2022-02-01 16:47:21', b'0');
INSERT INTO `system_dict_data` (`id`, `sort`, `label`, `value`, `dict_type`, `status`, `color_type`, `css_class`, `remark`, `creator`, `create_time`, `updater`, `update_time`, `deleted`) VALUES (38, 5, '仅本人数据权限', '5', 'system_data_scope', 0, '', '', '仅本人数据权限', 'admin', '2021-01-05 17:03:48', '', '2022-02-01 16:47:23', b'0');
INSERT INTO `system_dict_data` (`id`, `sort`, `label`, `value`, `dict_type`, `status`, `color_type`, `css_class`, `remark`, `creator`, `create_time`, `updater`, `update_time`, `deleted`) VALUES (39, 0, '成功', '0', 'system_login_result', 0, 'success', '', '登陆结果 - 成功', '', '2021-01-18 06:17:36', '1', '2022-02-16 13:23:49', b'0');
INSERT INTO `system_dict_data` (`id`, `sort`, `label`, `value`, `dict_type`, `status`, `color_type`, `css_class`, `remark`, `creator`, `create_time`, `updater`, `update_time`, `deleted`) VALUES (40, 10, '账号或密码不正确', '10', 'system_login_result', 0, 'primary', '', '登陆结果 - 账号或密码不正确', '', '2021-01-18 06:17:54', '1', '2022-02-16 13:24:27', b'0');
INSERT INTO `system_dict_data` (`id`, `sort`, `label`, `value`, `dict_type`, `status`, `color_type`, `css_class`, `remark`, `creator`, `create_time`, `updater`, `update_time`, `deleted`) VALUES (41, 20, '用户被禁用', '20', 'system_login_result', 0, 'warning', '', '登陆结果 - 用户被禁用', '', '2021-01-18 06:17:54', '1', '2022-02-16 13:23:57', b'0');
INSERT INTO `system_dict_data` (`id`, `sort`, `label`, `value`, `dict_type`, `status`, `color_type`, `css_class`, `remark`, `creator`, `create_time`, `updater`, `update_time`, `deleted`) VALUES (42, 30, '验证码不存在', '30', 'system_login_result', 0, 'info', '', '登陆结果 - 验证码不存在', '', '2021-01-18 06:17:54', '1', '2022-02-16 13:24:07', b'0');
INSERT INTO `system_dict_data` (`id`, `sort`, `label`, `value`, `dict_type`, `status`, `color_type`, `css_class`, `remark`, `creator`, `create_time`, `updater`, `update_time`, `deleted`) VALUES (43, 31, '验证码不正确', '31', 'system_login_result', 0, 'info', '', '登陆结果 - 验证码不正确', '', '2021-01-18 06:17:54', '1', '2022-02-16 13:24:11', b'0');
INSERT INTO `system_dict_data` (`id`, `sort`, `label`, `value`, `dict_type`, `status`, `color_type`, `css_class`, `remark`, `creator`, `create_time`, `updater`, `update_time`, `deleted`) VALUES (44, 100, '未知异常', '100', 'system_login_result', 0, 'danger', '', '登陆结果 - 未知异常', '', '2021-01-18 06:17:54', '1', '2022-02-16 13:24:23', b'0');
INSERT INTO `system_dict_data` (`id`, `sort`, `label`, `value`, `dict_type`, `status`, `color_type`, `css_class`, `remark`, `creator`, `create_time`, `updater`, `update_time`, `deleted`) VALUES (45, 1, '是', 'true', 'infra_boolean_string', 0, 'danger', '', 'Boolean 是否类型 - 是', '', '2021-01-19 03:20:55', '1', '2022-03-15 23:01:45', b'0');
INSERT INTO `system_dict_data` (`id`, `sort`, `label`, `value`, `dict_type`, `status`, `color_type`, `css_class`, `remark`, `creator`, `create_time`, `updater`, `update_time`, `deleted`) VALUES (46, 1, '否', 'false', 'infra_boolean_string', 0, 'info', '', 'Boolean 是否类型 - 否', '', '2021-01-19 03:20:55', '1', '2022-03-15 23:09:45', b'0');
INSERT INTO `system_dict_data` (`id`, `sort`, `label`, `value`, `dict_type`, `status`, `color_type`, `css_class`, `remark`, `creator`, `create_time`, `updater`, `update_time`, `deleted`) VALUES (50, 1, '单表（增删改查）', '1', 'infra_codegen_template_type', 0, '', '', NULL, '', '2021-02-05 07:09:06', '', '2022-03-10 16:33:15', b'0');
INSERT INTO `system_dict_data` (`id`, `sort`, `label`, `value`, `dict_type`, `status`, `color_type`, `css_class`, `remark`, `creator`, `create_time`, `updater`, `update_time`, `deleted`) VALUES (51, 2, '树表（增删改查）', '2', 'infra_codegen_template_type', 0, '', '', NULL, '', '2021-02-05 07:14:46', '', '2022-03-10 16:33:19', b'0');
INSERT INTO `system_dict_data` (`id`, `sort`, `label`, `value`, `dict_type`, `status`, `color_type`, `css_class`, `remark`, `creator`, `create_time`, `updater`, `update_time`, `deleted`) VALUES (53, 0, '初始化中', '0', 'infra_job_status', 0, 'primary', '', NULL, '', '2021-02-07 07:46:49', '1', '2022-02-16 19:33:29', b'0');
INSERT INTO `system_dict_data` (`id`, `sort`, `label`, `value`, `dict_type`, `status`, `color_type`, `css_class`, `remark`, `creator`, `create_time`, `updater`, `update_time`, `deleted`) VALUES (57, 0, '运行中', '0', 'infra_job_log_status', 0, 'primary', '', 'RUNNING', '', '2021-02-08 10:04:24', '1', '2022-02-16 19:07:48', b'0');
INSERT INTO `system_dict_data` (`id`, `sort`, `label`, `value`, `dict_type`, `status`, `color_type`, `css_class`, `remark`, `creator`, `create_time`, `updater`, `update_time`, `deleted`) VALUES (58, 1, '成功', '1', 'infra_job_log_status', 0, 'success', '', NULL, '', '2021-02-08 10:06:57', '1', '2022-02-16 19:07:52', b'0');
INSERT INTO `system_dict_data` (`id`, `sort`, `label`, `value`, `dict_type`, `status`, `color_type`, `css_class`, `remark`, `creator`, `create_time`, `updater`, `update_time`, `deleted`) VALUES (59, 2, '失败', '2', 'infra_job_log_status', 0, 'warning', '', '失败', '', '2021-02-08 10:07:38', '1', '2022-02-16 19:07:56', b'0');
INSERT INTO `system_dict_data` (`id`, `sort`, `label`, `value`, `dict_type`, `status`, `color_type`, `css_class`, `remark`, `creator`, `create_time`, `updater`, `update_time`, `deleted`) VALUES (60, 1, '会员', '1', 'user_type', 0, 'primary', '', NULL, '', '2021-02-26 00:16:27', '1', '2022-02-16 10:22:19', b'0');
INSERT INTO `system_dict_data` (`id`, `sort`, `label`, `value`, `dict_type`, `status`, `color_type`, `css_class`, `remark`, `creator`, `create_time`, `updater`, `update_time`, `deleted`) VALUES (61, 2, '管理员', '2', 'user_type', 0, 'success', '', NULL, '', '2021-02-26 00:16:34', '1', '2022-02-16 10:22:22', b'0');
INSERT INTO `system_dict_data` (`id`, `sort`, `label`, `value`, `dict_type`, `status`, `color_type`, `css_class`, `remark`, `creator`, `create_time`, `updater`, `update_time`, `deleted`) VALUES (62, 0, '未处理', '0', 'infra_api_error_log_process_status', 0, 'primary', '', NULL, '', '2021-02-26 07:07:19', '1', '2022-02-16 20:14:17', b'0');
INSERT INTO `system_dict_data` (`id`, `sort`, `label`, `value`, `dict_type`, `status`, `color_type`, `css_class`, `remark`, `creator`, `create_time`, `updater`, `update_time`, `deleted`) VALUES (63, 1, '已处理', '1', 'infra_api_error_log_process_status', 0, 'success', '', NULL, '', '2021-02-26 07:07:26', '1', '2022-02-16 20:14:08', b'0');
INSERT INTO `system_dict_data` (`id`, `sort`, `label`, `value`, `dict_type`, `status`, `color_type`, `css_class`, `remark`, `creator`, `create_time`, `updater`, `update_time`, `deleted`) VALUES (64, 2, '已忽略', '2', 'infra_api_error_log_process_status', 0, 'danger', '', NULL, '', '2021-02-26 07:07:34', '1', '2022-02-16 20:14:14', b'0');
INSERT INTO `system_dict_data` (`id`, `sort`, `label`, `value`, `dict_type`, `status`, `color_type`, `css_class`, `remark`, `creator`, `create_time`, `updater`, `update_time`, `deleted`) VALUES (66, 2, '阿里云', 'ALIYUN', 'system_sms_channel_code', 0, 'primary', '', NULL, '1', '2021-04-05 01:05:26', '1', '2022-02-16 10:09:52', b'0');
INSERT INTO `system_dict_data` (`id`, `sort`, `label`, `value`, `dict_type`, `status`, `color_type`, `css_class`, `remark`, `creator`, `create_time`, `updater`, `update_time`, `deleted`) VALUES (67, 1, '验证码', '1', 'system_sms_template_type', 0, 'warning', '', NULL, '1', '2021-04-05 21:50:57', '1', '2022-02-16 12:48:30', b'0');
INSERT INTO `system_dict_data` (`id`, `sort`, `label`, `value`, `dict_type`, `status`, `color_type`, `css_class`, `remark`, `creator`, `create_time`, `updater`, `update_time`, `deleted`) VALUES (68, 2, '通知', '2', 'system_sms_template_type', 0, 'primary', '', NULL, '1', '2021-04-05 21:51:08', '1', '2022-02-16 12:48:27', b'0');
INSERT INTO `system_dict_data` (`id`, `sort`, `label`, `value`, `dict_type`, `status`, `color_type`, `css_class`, `remark`, `creator`, `create_time`, `updater`, `update_time`, `deleted`) VALUES (69, 0, '营销', '3', 'system_sms_template_type', 0, 'danger', '', NULL, '1', '2021-04-05 21:51:15', '1', '2022-02-16 12:48:22', b'0');
INSERT INTO `system_dict_data` (`id`, `sort`, `label`, `value`, `dict_type`, `status`, `color_type`, `css_class`, `remark`, `creator`, `create_time`, `updater`, `update_time`, `deleted`) VALUES (70, 0, '初始化', '0', 'system_sms_send_status', 0, 'primary', '', NULL, '1', '2021-04-11 20:18:33', '1', '2022-02-16 10:26:07', b'0');
INSERT INTO `system_dict_data` (`id`, `sort`, `label`, `value`, `dict_type`, `status`, `color_type`, `css_class`, `remark`, `creator`, `create_time`, `updater`, `update_time`, `deleted`) VALUES (71, 1, '发送成功', '10', 'system_sms_send_status', 0, 'success', '', NULL, '1', '2021-04-11 20:18:43', '1', '2022-02-16 10:25:56', b'0');
INSERT INTO `system_dict_data` (`id`, `sort`, `label`, `value`, `dict_type`, `status`, `color_type`, `css_class`, `remark`, `creator`, `create_time`, `updater`, `update_time`, `deleted`) VALUES (72, 2, '发送失败', '20', 'system_sms_send_status', 0, 'danger', '', NULL, '1', '2021-04-11 20:18:49', '1', '2022-02-16 10:26:03', b'0');
INSERT INTO `system_dict_data` (`id`, `sort`, `label`, `value`, `dict_type`, `status`, `color_type`, `css_class`, `remark`, `creator`, `create_time`, `updater`, `update_time`, `deleted`) VALUES (73, 3, '不发送', '30', 'system_sms_send_status', 0, 'info', '', NULL, '1', '2021-04-11 20:19:44', '1', '2022-02-16 10:26:10', b'0');
INSERT INTO `system_dict_data` (`id`, `sort`, `label`, `value`, `dict_type`, `status`, `color_type`, `css_class`, `remark`, `creator`, `create_time`, `updater`, `update_time`, `deleted`) VALUES (74, 0, '等待结果', '0', 'system_sms_receive_status', 0, 'primary', '', NULL, '1', '2021-04-11 20:27:43', '1', '2022-02-16 10:28:24', b'0');
INSERT INTO `system_dict_data` (`id`, `sort`, `label`, `value`, `dict_type`, `status`, `color_type`, `css_class`, `remark`, `creator`, `create_time`, `updater`, `update_time`, `deleted`) VALUES (75, 1, '接收成功', '10', 'system_sms_receive_status', 0, 'success', '', NULL, '1', '2021-04-11 20:29:25', '1', '2022-02-16 10:28:28', b'0');
INSERT INTO `system_dict_data` (`id`, `sort`, `label`, `value`, `dict_type`, `status`, `color_type`, `css_class`, `remark`, `creator`, `create_time`, `updater`, `update_time`, `deleted`) VALUES (76, 2, '接收失败', '20', 'system_sms_receive_status', 0, 'danger', '', NULL, '1', '2021-04-11 20:29:31', '1', '2022-02-16 10:28:32', b'0');
INSERT INTO `system_dict_data` (`id`, `sort`, `label`, `value`, `dict_type`, `status`, `color_type`, `css_class`, `remark`, `creator`, `create_time`, `updater`, `update_time`, `deleted`) VALUES (77, 0, '调试(钉钉)', 'DEBUG_DING_TALK', 'system_sms_channel_code', 0, 'info', '', NULL, '1', '2021-04-13 00:20:37', '1', '2022-02-16 10:10:00', b'0');
INSERT INTO `system_dict_data` (`id`, `sort`, `label`, `value`, `dict_type`, `status`, `color_type`, `css_class`, `remark`, `creator`, `create_time`, `updater`, `update_time`, `deleted`) VALUES (78, 1, '自动生成', '1', 'system_error_code_type', 0, 'warning', '', NULL, '1', '2021-04-21 00:06:48', '1', '2022-02-16 13:57:20', b'0');
INSERT INTO `system_dict_data` (`id`, `sort`, `label`, `value`, `dict_type`, `status`, `color_type`, `css_class`, `remark`, `creator`, `create_time`, `updater`, `update_time`, `deleted`) VALUES (79, 2, '手动编辑', '2', 'system_error_code_type', 0, 'primary', '', NULL, '1', '2021-04-21 00:07:14', '1', '2022-02-16 13:57:24', b'0');
INSERT INTO `system_dict_data` (`id`, `sort`, `label`, `value`, `dict_type`, `status`, `color_type`, `css_class`, `remark`, `creator`, `create_time`, `updater`, `update_time`, `deleted`) VALUES (80, 100, '账号登录', '100', 'system_login_type', 0, 'primary', '', '账号登录', '1', '2021-10-06 00:52:02', '1', '2022-02-16 13:11:34', b'0');
INSERT INTO `system_dict_data` (`id`, `sort`, `label`, `value`, `dict_type`, `status`, `color_type`, `css_class`, `remark`, `creator`, `create_time`, `updater`, `update_time`, `deleted`) VALUES (81, 101, '社交登录', '101', 'system_login_type', 0, 'info', '', '社交登录', '1', '2021-10-06 00:52:17', '1', '2022-02-16 13:11:40', b'0');
INSERT INTO `system_dict_data` (`id`, `sort`, `label`, `value`, `dict_type`, `status`, `color_type`, `css_class`, `remark`, `creator`, `create_time`, `updater`, `update_time`, `deleted`) VALUES (83, 200, '主动登出', '200', 'system_login_type', 0, 'primary', '', '主动登出', '1', '2021-10-06 00:52:58', '1', '2022-02-16 13:11:49', b'0');
INSERT INTO `system_dict_data` (`id`, `sort`, `label`, `value`, `dict_type`, `status`, `color_type`, `css_class`, `remark`, `creator`, `create_time`, `updater`, `update_time`, `deleted`) VALUES (85, 202, '强制登出', '202', 'system_login_type', 0, 'danger', '', '强制退出', '1', '2021-10-06 00:53:41', '1', '2022-02-16 13:11:57', b'0');
INSERT INTO `system_dict_data` (`id`, `sort`, `label`, `value`, `dict_type`, `status`, `color_type`, `css_class`, `remark`, `creator`, `create_time`, `updater`, `update_time`, `deleted`) VALUES (86, 0, '病假', '1', 'bpm_oa_leave_type', 0, 'primary', '', NULL, '1', '2021-09-21 22:35:28', '1', '2022-02-16 10:00:41', b'0');
INSERT INTO `system_dict_data` (`id`, `sort`, `label`, `value`, `dict_type`, `status`, `color_type`, `css_class`, `remark`, `creator`, `create_time`, `updater`, `update_time`, `deleted`) VALUES (87, 1, '事假', '2', 'bpm_oa_leave_type', 0, 'info', '', NULL, '1', '2021-09-21 22:36:11', '1', '2022-02-16 10:00:49', b'0');
INSERT INTO `system_dict_data` (`id`, `sort`, `label`, `value`, `dict_type`, `status`, `color_type`, `css_class`, `remark`, `creator`, `create_time`, `updater`, `update_time`, `deleted`) VALUES (88, 2, '婚假', '3', 'bpm_oa_leave_type', 0, 'warning', '', NULL, '1', '2021-09-21 22:36:38', '1', '2022-02-16 10:00:53', b'0');
INSERT INTO `system_dict_data` (`id`, `sort`, `label`, `value`, `dict_type`, `status`, `color_type`, `css_class`, `remark`, `creator`, `create_time`, `updater`, `update_time`, `deleted`) VALUES (113, 1, '微信公众号支付', 'wx_pub', 'pay_channel_code', 0, 'success', '', '微信公众号支付', '1', '2021-12-03 10:40:24', '1', '2023-07-19 20:08:47', b'0');
INSERT INTO `system_dict_data` (`id`, `sort`, `label`, `value`, `dict_type`, `status`, `color_type`, `css_class`, `remark`, `creator`, `create_time`, `updater`, `update_time`, `deleted`) VALUES (114, 2, '微信小程序支付', 'wx_lite', 'pay_channel_code', 0, 'success', '', '微信小程序支付', '1', '2021-12-03 10:41:06', '1', '2023-07-19 20:08:50', b'0');
INSERT INTO `system_dict_data` (`id`, `sort`, `label`, `value`, `dict_type`, `status`, `color_type`, `css_class`, `remark`, `creator`, `create_time`, `updater`, `update_time`, `deleted`) VALUES (115, 3, '微信 App 支付', 'wx_app', 'pay_channel_code', 0, 'success', '', '微信 App 支付', '1', '2021-12-03 10:41:20', '1', '2023-07-19 20:08:56', b'0');
INSERT INTO `system_dict_data` (`id`, `sort`, `label`, `value`, `dict_type`, `status`, `color_type`, `css_class`, `remark`, `creator`, `create_time`, `updater`, `update_time`, `deleted`) VALUES (116, 10, '支付宝 PC 网站支付', 'alipay_pc', 'pay_channel_code', 0, 'primary', '', '支付宝 PC 网站支付', '1', '2021-12-03 10:42:09', '1', '2023-07-19 20:09:12', b'0');
INSERT INTO `system_dict_data` (`id`, `sort`, `label`, `value`, `dict_type`, `status`, `color_type`, `css_class`, `remark`, `creator`, `create_time`, `updater`, `update_time`, `deleted`) VALUES (117, 11, '支付宝 Wap 网站支付', 'alipay_wap', 'pay_channel_code', 0, 'primary', '', '支付宝 Wap 网站支付', '1', '2021-12-03 10:42:26', '1', '2023-07-19 20:09:16', b'0');
INSERT INTO `system_dict_data` (`id`, `sort`, `label`, `value`, `dict_type`, `status`, `color_type`, `css_class`, `remark`, `creator`, `create_time`, `updater`, `update_time`, `deleted`) VALUES (118, 12, '支付宝 App 支付', 'alipay_app', 'pay_channel_code', 0, 'primary', '', '支付宝 App 支付', '1', '2021-12-03 10:42:55', '1', '2023-07-19 20:09:20', b'0');
INSERT INTO `system_dict_data` (`id`, `sort`, `label`, `value`, `dict_type`, `status`, `color_type`, `css_class`, `remark`, `creator`, `create_time`, `updater`, `update_time`, `deleted`) VALUES (119, 14, '支付宝扫码支付', 'alipay_qr', 'pay_channel_code', 0, 'primary', '', '支付宝扫码支付', '1', '2021-12-03 10:43:10', '1', '2023-07-19 20:09:28', b'0');
INSERT INTO `system_dict_data` (`id`, `sort`, `label`, `value`, `dict_type`, `status`, `color_type`, `css_class`, `remark`, `creator`, `create_time`, `updater`, `update_time`, `deleted`) VALUES (120, 10, '通知成功', '10', 'pay_notify_status', 0, 'success', '', '通知成功', '1', '2021-12-03 11:02:41', '1', '2023-07-19 10:08:19', b'0');
INSERT INTO `system_dict_data` (`id`, `sort`, `label`, `value`, `dict_type`, `status`, `color_type`, `css_class`, `remark`, `creator`, `create_time`, `updater`, `update_time`, `deleted`) VALUES (121, 20, '通知失败', '20', 'pay_notify_status', 0, 'danger', '', '通知失败', '1', '2021-12-03 11:02:59', '1', '2023-07-19 10:08:21', b'0');
INSERT INTO `system_dict_data` (`id`, `sort`, `label`, `value`, `dict_type`, `status`, `color_type`, `css_class`, `remark`, `creator`, `create_time`, `updater`, `update_time`, `deleted`) VALUES (122, 0, '等待通知', '0', 'pay_notify_status', 0, 'info', '', '未通知', '1', '2021-12-03 11:03:10', '1', '2023-07-19 10:08:24', b'0');
INSERT INTO `system_dict_data` (`id`, `sort`, `label`, `value`, `dict_type`, `status`, `color_type`, `css_class`, `remark`, `creator`, `create_time`, `updater`, `update_time`, `deleted`) VALUES (123, 10, '支付成功', '10', 'pay_order_status', 0, 'success', '', '支付成功', '1', '2021-12-03 11:18:29', '1', '2023-07-19 18:04:28', b'0');
INSERT INTO `system_dict_data` (`id`, `sort`, `label`, `value`, `dict_type`, `status`, `color_type`, `css_class`, `remark`, `creator`, `create_time`, `updater`, `update_time`, `deleted`) VALUES (124, 30, '支付关闭', '30', 'pay_order_status', 0, 'info', '', '支付关闭', '1', '2021-12-03 11:18:42', '1', '2023-07-19 18:05:07', b'0');
INSERT INTO `system_dict_data` (`id`, `sort`, `label`, `value`, `dict_type`, `status`, `color_type`, `css_class`, `remark`, `creator`, `create_time`, `updater`, `update_time`, `deleted`) VALUES (125, 0, '等待支付', '0', 'pay_order_status', 0, 'info', '', '未支付', '1', '2021-12-03 11:18:18', '1', '2023-07-19 18:04:15', b'0');
INSERT INTO `system_dict_data` (`id`, `sort`, `label`, `value`, `dict_type`, `status`, `color_type`, `css_class`, `remark`, `creator`, `create_time`, `updater`, `update_time`, `deleted`) VALUES (600, 5, '首页', '1', 'promotion_banner_position', 0, 'warning', '', '', '1', '2023-10-11 07:45:24', '1', '2023-10-11 07:45:38', b'0');
INSERT INTO `system_dict_data` (`id`, `sort`, `label`, `value`, `dict_type`, `status`, `color_type`, `css_class`, `remark`, `creator`, `create_time`, `updater`, `update_time`, `deleted`) VALUES (601, 4, '秒杀活动页', '2', 'promotion_banner_position', 0, 'warning', '', '', '1', '2023-10-11 07:45:24', '1', '2023-10-11 07:45:38', b'0');
INSERT INTO `system_dict_data` (`id`, `sort`, `label`, `value`, `dict_type`, `status`, `color_type`, `css_class`, `remark`, `creator`, `create_time`, `updater`, `update_time`, `deleted`) VALUES (602, 3, '砍价活动页', '3', 'promotion_banner_position', 0, 'warning', '', '', '1', '2023-10-11 07:45:24', '1', '2023-10-11 07:45:38', b'0');
INSERT INTO `system_dict_data` (`id`, `sort`, `label`, `value`, `dict_type`, `status`, `color_type`, `css_class`, `remark`, `creator`, `create_time`, `updater`, `update_time`, `deleted`) VALUES (603, 2, '限时折扣页', '4', 'promotion_banner_position', 0, 'warning', '', '', '1', '2023-10-11 07:45:24', '1', '2023-10-11 07:45:38', b'0');
INSERT INTO `system_dict_data` (`id`, `sort`, `label`, `value`, `dict_type`, `status`, `color_type`, `css_class`, `remark`, `creator`, `create_time`, `updater`, `update_time`, `deleted`) VALUES (604, 1, '满减送页', '5', 'promotion_banner_position', 0, 'warning', '', '', '1', '2023-10-11 07:45:24', '1', '2023-10-11 07:45:38', b'0');
INSERT INTO `system_dict_data` (`id`, `sort`, `label`, `value`, `dict_type`, `status`, `color_type`, `css_class`, `remark`, `creator`, `create_time`, `updater`, `update_time`, `deleted`) VALUES (1118, 0, '等待退款', '0', 'pay_refund_status', 0, 'info', '', '等待退款', '1', '2021-12-10 16:44:59', '1', '2023-07-19 10:14:39', b'0');
INSERT INTO `system_dict_data` (`id`, `sort`, `label`, `value`, `dict_type`, `status`, `color_type`, `css_class`, `remark`, `creator`, `create_time`, `updater`, `update_time`, `deleted`) VALUES (1119, 20, '退款失败', '20', 'pay_refund_status', 0, 'danger', '', '退款失败', '1', '2021-12-10 16:45:10', '1', '2023-07-19 10:15:10', b'0');
INSERT INTO `system_dict_data` (`id`, `sort`, `label`, `value`, `dict_type`, `status`, `color_type`, `css_class`, `remark`, `creator`, `create_time`, `updater`, `update_time`, `deleted`) VALUES (1124, 10, '退款成功', '10', 'pay_refund_status', 0, 'success', '', '退款成功', '1', '2021-12-10 16:46:26', '1', '2023-07-19 10:15:00', b'0');
INSERT INTO `system_dict_data` (`id`, `sort`, `label`, `value`, `dict_type`, `status`, `color_type`, `css_class`, `remark`, `creator`, `create_time`, `updater`, `update_time`, `deleted`) VALUES (1127, 1, '审批中', '1', 'bpm_process_instance_status', 0, 'default', '', '流程实例的状态 - 进行中', '1', '2022-01-07 23:47:22', '1', '2024-03-16 16:11:45', b'0');
INSERT INTO `system_dict_data` (`id`, `sort`, `label`, `value`, `dict_type`, `status`, `color_type`, `css_class`, `remark`, `creator`, `create_time`, `updater`, `update_time`, `deleted`) VALUES (1128, 2, '审批通过', '2', 'bpm_process_instance_status', 0, 'success', '', '流程实例的状态 - 已完成', '1', '2022-01-07 23:47:49', '1', '2024-03-16 16:11:54', b'0');
INSERT INTO `system_dict_data` (`id`, `sort`, `label`, `value`, `dict_type`, `status`, `color_type`, `css_class`, `remark`, `creator`, `create_time`, `updater`, `update_time`, `deleted`) VALUES (1129, 1, '审批中', '1', 'bpm_task_status', 0, 'primary', '', '流程实例的结果 - 处理中', '1', '2022-01-07 23:48:32', '1', '2024-03-08 22:41:37', b'0');
INSERT INTO `system_dict_data` (`id`, `sort`, `label`, `value`, `dict_type`, `status`, `color_type`, `css_class`, `remark`, `creator`, `create_time`, `updater`, `update_time`, `deleted`) VALUES (1130, 2, '审批通过', '2', 'bpm_task_status', 0, 'success', '', '流程实例的结果 - 通过', '1', '2022-01-07 23:48:45', '1', '2024-03-08 22:41:38', b'0');
INSERT INTO `system_dict_data` (`id`, `sort`, `label`, `value`, `dict_type`, `status`, `color_type`, `css_class`, `remark`, `creator`, `create_time`, `updater`, `update_time`, `deleted`) VALUES (1131, 3, '审批不通过', '3', 'bpm_task_status', 0, 'danger', '', '流程实例的结果 - 不通过', '1', '2022-01-07 23:48:55', '1', '2024-03-08 22:41:38', b'0');
INSERT INTO `system_dict_data` (`id`, `sort`, `label`, `value`, `dict_type`, `status`, `color_type`, `css_class`, `remark`, `creator`, `create_time`, `updater`, `update_time`, `deleted`) VALUES (1132, 4, '已取消', '4', 'bpm_task_status', 0, 'info', '', '流程实例的结果 - 撤销', '1', '2022-01-07 23:49:06', '1', '2024-03-08 22:41:39', b'0');
INSERT INTO `system_dict_data` (`id`, `sort`, `label`, `value`, `dict_type`, `status`, `color_type`, `css_class`, `remark`, `creator`, `create_time`, `updater`, `update_time`, `deleted`) VALUES (1133, 10, '流程表单', '10', 'bpm_model_form_type', 0, '', '', '流程的表单类型 - 流程表单', '103', '2022-01-11 23:51:30', '103', '2022-01-11 23:51:30', b'0');
INSERT INTO `system_dict_data` (`id`, `sort`, `label`, `value`, `dict_type`, `status`, `color_type`, `css_class`, `remark`, `creator`, `create_time`, `updater`, `update_time`, `deleted`) VALUES (1134, 20, '业务表单', '20', 'bpm_model_form_type', 0, '', '', '流程的表单类型 - 业务表单', '103', '2022-01-11 23:51:47', '103', '2022-01-11 23:51:47', b'0');
INSERT INTO `system_dict_data` (`id`, `sort`, `label`, `value`, `dict_type`, `status`, `color_type`, `css_class`, `remark`, `creator`, `create_time`, `updater`, `update_time`, `deleted`) VALUES (1135, 10, '角色', '10', 'bpm_task_candidate_strategy', 0, 'info', '', '任务分配规则的类型 - 角色', '103', '2022-01-12 23:21:22', '1', '2024-03-06 02:53:16', b'0');
INSERT INTO `system_dict_data` (`id`, `sort`, `label`, `value`, `dict_type`, `status`, `color_type`, `css_class`, `remark`, `creator`, `create_time`, `updater`, `update_time`, `deleted`) VALUES (1136, 20, '部门的成员', '20', 'bpm_task_candidate_strategy', 0, 'primary', '', '任务分配规则的类型 - 部门的成员', '103', '2022-01-12 23:21:47', '1', '2024-03-06 02:53:17', b'0');
INSERT INTO `system_dict_data` (`id`, `sort`, `label`, `value`, `dict_type`, `status`, `color_type`, `css_class`, `remark`, `creator`, `create_time`, `updater`, `update_time`, `deleted`) VALUES (1137, 21, '部门的负责人', '21', 'bpm_task_candidate_strategy', 0, 'primary', '', '任务分配规则的类型 - 部门的负责人', '103', '2022-01-12 23:33:36', '1', '2024-03-06 02:53:18', b'0');
INSERT INTO `system_dict_data` (`id`, `sort`, `label`, `value`, `dict_type`, `status`, `color_type`, `css_class`, `remark`, `creator`, `create_time`, `updater`, `update_time`, `deleted`) VALUES (1138, 30, '用户', '30', 'bpm_task_candidate_strategy', 0, 'info', '', '任务分配规则的类型 - 用户', '103', '2022-01-12 23:34:02', '1', '2024-03-06 02:53:19', b'0');
INSERT INTO `system_dict_data` (`id`, `sort`, `label`, `value`, `dict_type`, `status`, `color_type`, `css_class`, `remark`, `creator`, `create_time`, `updater`, `update_time`, `deleted`) VALUES (1139, 40, '用户组', '40', 'bpm_task_candidate_strategy', 0, 'warning', '', '任务分配规则的类型 - 用户组', '103', '2022-01-12 23:34:21', '1', '2024-03-06 02:53:20', b'0');
INSERT INTO `system_dict_data` (`id`, `sort`, `label`, `value`, `dict_type`, `status`, `color_type`, `css_class`, `remark`, `creator`, `create_time`, `updater`, `update_time`, `deleted`) VALUES (1140, 60, '流程表达式', '60', 'bpm_task_candidate_strategy', 0, 'danger', '', '任务分配规则的类型 - 流程表达式', '103', '2022-01-12 23:34:43', '1', '2024-03-06 02:53:20', b'0');
INSERT INTO `system_dict_data` (`id`, `sort`, `label`, `value`, `dict_type`, `status`, `color_type`, `css_class`, `remark`, `creator`, `create_time`, `updater`, `update_time`, `deleted`) VALUES (1141, 22, '岗位', '22', 'bpm_task_candidate_strategy', 0, 'success', '', '任务分配规则的类型 - 岗位', '103', '2022-01-14 18:41:55', '1', '2024-03-06 02:53:21', b'0');
INSERT INTO `system_dict_data` (`id`, `sort`, `label`, `value`, `dict_type`, `status`, `color_type`, `css_class`, `remark`, `creator`, `create_time`, `updater`, `update_time`, `deleted`) VALUES (1145, 1, '管理后台', '1', 'infra_codegen_scene', 0, '', '', '代码生成的场景枚举 - 管理后台', '1', '2022-02-02 13:15:06', '1', '2022-03-10 16:32:59', b'0');
INSERT INTO `system_dict_data` (`id`, `sort`, `label`, `value`, `dict_type`, `status`, `color_type`, `css_class`, `remark`, `creator`, `create_time`, `updater`, `update_time`, `deleted`) VALUES (1146, 2, '用户 APP', '2', 'infra_codegen_scene', 0, '', '', '代码生成的场景枚举 - 用户 APP', '1', '2022-02-02 13:15:19', '1', '2022-03-10 16:33:03', b'0');
INSERT INTO `system_dict_data` (`id`, `sort`, `label`, `value`, `dict_type`, `status`, `color_type`, `css_class`, `remark`, `creator`, `create_time`, `updater`, `update_time`, `deleted`) VALUES (1150, 1, '数据库', '1', 'infra_file_storage', 0, 'default', '', NULL, '1', '2022-03-15 00:25:28', '1', '2022-03-15 00:25:28', b'0');
INSERT INTO `system_dict_data` (`id`, `sort`, `label`, `value`, `dict_type`, `status`, `color_type`, `css_class`, `remark`, `creator`, `create_time`, `updater`, `update_time`, `deleted`) VALUES (1151, 10, '本地磁盘', '10', 'infra_file_storage', 0, 'default', '', NULL, '1', '2022-03-15 00:25:41', '1', '2022-03-15 00:25:56', b'0');
INSERT INTO `system_dict_data` (`id`, `sort`, `label`, `value`, `dict_type`, `status`, `color_type`, `css_class`, `remark`, `creator`, `create_time`, `updater`, `update_time`, `deleted`) VALUES (1152, 11, 'FTP 服务器', '11', 'infra_file_storage', 0, 'default', '', NULL, '1', '2022-03-15 00:26:06', '1', '2022-03-15 00:26:10', b'0');
INSERT INTO `system_dict_data` (`id`, `sort`, `label`, `value`, `dict_type`, `status`, `color_type`, `css_class`, `remark`, `creator`, `create_time`, `updater`, `update_time`, `deleted`) VALUES (1153, 12, 'SFTP 服务器', '12', 'infra_file_storage', 0, 'default', '', NULL, '1', '2022-03-15 00:26:22', '1', '2022-03-15 00:26:22', b'0');
INSERT INTO `system_dict_data` (`id`, `sort`, `label`, `value`, `dict_type`, `status`, `color_type`, `css_class`, `remark`, `creator`, `create_time`, `updater`, `update_time`, `deleted`) VALUES (1154, 20, 'S3 对象存储', '20', 'infra_file_storage', 0, 'default', '', NULL, '1', '2022-03-15 00:26:31', '1', '2022-03-15 00:26:45', b'0');
INSERT INTO `system_dict_data` (`id`, `sort`, `label`, `value`, `dict_type`, `status`, `color_type`, `css_class`, `remark`, `creator`, `create_time`, `updater`, `update_time`, `deleted`) VALUES (1155, 103, '短信登录', '103', 'system_login_type', 0, 'default', '', NULL, '1', '2022-05-09 23:57:58', '1', '2022-05-09 23:58:09', b'0');
INSERT INTO `system_dict_data` (`id`, `sort`, `label`, `value`, `dict_type`, `status`, `color_type`, `css_class`, `remark`, `creator`, `create_time`, `updater`, `update_time`, `deleted`) VALUES (1156, 1, 'password', 'password', 'system_oauth2_grant_type', 0, 'default', '', '密码模式', '1', '2022-05-12 00:22:05', '1', '2022-05-11 16:26:01', b'0');
INSERT INTO `system_dict_data` (`id`, `sort`, `label`, `value`, `dict_type`, `status`, `color_type`, `css_class`, `remark`, `creator`, `create_time`, `updater`, `update_time`, `deleted`) VALUES (1157, 2, 'authorization_code', 'authorization_code', 'system_oauth2_grant_type', 0, 'primary', '', '授权码模式', '1', '2022-05-12 00:22:59', '1', '2022-05-11 16:26:02', b'0');
INSERT INTO `system_dict_data` (`id`, `sort`, `label`, `value`, `dict_type`, `status`, `color_type`, `css_class`, `remark`, `creator`, `create_time`, `updater`, `update_time`, `deleted`) VALUES (1158, 3, 'implicit', 'implicit', 'system_oauth2_grant_type', 0, 'success', '', '简化模式', '1', '2022-05-12 00:23:40', '1', '2022-05-11 16:26:05', b'0');
INSERT INTO `system_dict_data` (`id`, `sort`, `label`, `value`, `dict_type`, `status`, `color_type`, `css_class`, `remark`, `creator`, `create_time`, `updater`, `update_time`, `deleted`) VALUES (1159, 4, 'client_credentials', 'client_credentials', 'system_oauth2_grant_type', 0, 'default', '', '客户端模式', '1', '2022-05-12 00:23:51', '1', '2022-05-11 16:26:08', b'0');
INSERT INTO `system_dict_data` (`id`, `sort`, `label`, `value`, `dict_type`, `status`, `color_type`, `css_class`, `remark`, `creator`, `create_time`, `updater`, `update_time`, `deleted`) VALUES (1160, 5, 'refresh_token', 'refresh_token', 'system_oauth2_grant_type', 0, 'info', '', '刷新模式', '1', '2022-05-12 00:24:02', '1', '2022-05-11 16:26:11', b'0');
INSERT INTO `system_dict_data` (`id`, `sort`, `label`, `value`, `dict_type`, `status`, `color_type`, `css_class`, `remark`, `creator`, `create_time`, `updater`, `update_time`, `deleted`) VALUES (1162, 1, '销售中', '1', 'product_spu_status', 0, 'success', '', '商品 SPU 状态 - 销售中', '1', '2022-10-24 21:19:47', '1', '2022-10-24 21:20:38', b'0');
INSERT INTO `system_dict_data` (`id`, `sort`, `label`, `value`, `dict_type`, `status`, `color_type`, `css_class`, `remark`, `creator`, `create_time`, `updater`, `update_time`, `deleted`) VALUES (1163, 0, '仓库中', '0', 'product_spu_status', 0, 'info', '', '商品 SPU 状态 - 仓库中', '1', '2022-10-24 21:20:54', '1', '2022-10-24 21:21:22', b'0');
INSERT INTO `system_dict_data` (`id`, `sort`, `label`, `value`, `dict_type`, `status`, `color_type`, `css_class`, `remark`, `creator`, `create_time`, `updater`, `update_time`, `deleted`) VALUES (1164, 0, '回收站', '-1', 'product_spu_status', 0, 'default', '', '商品 SPU 状态 - 回收站', '1', '2022-10-24 21:21:11', '1', '2022-10-24 21:21:11', b'0');
INSERT INTO `system_dict_data` (`id`, `sort`, `label`, `value`, `dict_type`, `status`, `color_type`, `css_class`, `remark`, `creator`, `create_time`, `updater`, `update_time`, `deleted`) VALUES (1165, 1, '满减', '1', 'promotion_discount_type', 0, 'success', '', '优惠类型 - 满减', '1', '2022-11-01 12:46:41', '1', '2022-11-01 12:50:11', b'0');
INSERT INTO `system_dict_data` (`id`, `sort`, `label`, `value`, `dict_type`, `status`, `color_type`, `css_class`, `remark`, `creator`, `create_time`, `updater`, `update_time`, `deleted`) VALUES (1166, 2, '折扣', '2', 'promotion_discount_type', 0, 'primary', '', '优惠类型 - 折扣', '1', '2022-11-01 12:46:51', '1', '2022-11-01 12:50:08', b'0');
INSERT INTO `system_dict_data` (`id`, `sort`, `label`, `value`, `dict_type`, `status`, `color_type`, `css_class`, `remark`, `creator`, `create_time`, `updater`, `update_time`, `deleted`) VALUES (1167, 1, '固定日期', '1', 'promotion_coupon_template_validity_type', 0, 'default', '', '优惠劵模板的有限期类型 - 固定日期', '1', '2022-11-02 00:07:34', '1', '2022-11-04 00:07:49', b'0');
INSERT INTO `system_dict_data` (`id`, `sort`, `label`, `value`, `dict_type`, `status`, `color_type`, `css_class`, `remark`, `creator`, `create_time`, `updater`, `update_time`, `deleted`) VALUES (1168, 2, '领取之后', '2', 'promotion_coupon_template_validity_type', 0, 'default', '', '优惠劵模板的有限期类型 - 领取之后', '1', '2022-11-02 00:07:54', '1', '2022-11-04 00:07:52', b'0');
INSERT INTO `system_dict_data` (`id`, `sort`, `label`, `value`, `dict_type`, `status`, `color_type`, `css_class`, `remark`, `creator`, `create_time`, `updater`, `update_time`, `deleted`) VALUES (1169, 1, '通用劵', '1', 'promotion_product_scope', 0, 'default', '', '营销的商品范围 - 全部商品参与', '1', '2022-11-02 00:28:22', '1', '2023-09-28 00:27:42', b'0');
INSERT INTO `system_dict_data` (`id`, `sort`, `label`, `value`, `dict_type`, `status`, `color_type`, `css_class`, `remark`, `creator`, `create_time`, `updater`, `update_time`, `deleted`) VALUES (1170, 2, '商品劵', '2', 'promotion_product_scope', 0, 'default', '', '营销的商品范围 - 指定商品参与', '1', '2022-11-02 00:28:34', '1', '2023-09-28 00:27:44', b'0');
INSERT INTO `system_dict_data` (`id`, `sort`, `label`, `value`, `dict_type`, `status`, `color_type`, `css_class`, `remark`, `creator`, `create_time`, `updater`, `update_time`, `deleted`) VALUES (1171, 1, '未使用', '1', 'promotion_coupon_status', 0, 'primary', '', '优惠劵的状态 - 已领取', '1', '2022-11-04 00:15:08', '1', '2023-10-03 12:54:38', b'0');
INSERT INTO `system_dict_data` (`id`, `sort`, `label`, `value`, `dict_type`, `status`, `color_type`, `css_class`, `remark`, `creator`, `create_time`, `updater`, `update_time`, `deleted`) VALUES (1172, 2, '已使用', '2', 'promotion_coupon_status', 0, 'success', '', '优惠劵的状态 - 已使用', '1', '2022-11-04 00:15:21', '1', '2022-11-04 19:16:08', b'0');
INSERT INTO `system_dict_data` (`id`, `sort`, `label`, `value`, `dict_type`, `status`, `color_type`, `css_class`, `remark`, `creator`, `create_time`, `updater`, `update_time`, `deleted`) VALUES (1173, 3, '已过期', '3', 'promotion_coupon_status', 0, 'info', '', '优惠劵的状态 - 已过期', '1', '2022-11-04 00:15:43', '1', '2022-11-04 19:16:12', b'0');
INSERT INTO `system_dict_data` (`id`, `sort`, `label`, `value`, `dict_type`, `status`, `color_type`, `css_class`, `remark`, `creator`, `create_time`, `updater`, `update_time`, `deleted`) VALUES (1174, 1, '直接领取', '1', 'promotion_coupon_take_type', 0, 'primary', '', '优惠劵的领取方式 - 直接领取', '1', '2022-11-04 19:13:00', '1', '2022-11-04 19:13:25', b'0');
INSERT INTO `system_dict_data` (`id`, `sort`, `label`, `value`, `dict_type`, `status`, `color_type`, `css_class`, `remark`, `creator`, `create_time`, `updater`, `update_time`, `deleted`) VALUES (1175, 2, '指定发放', '2', 'promotion_coupon_take_type', 0, 'success', '', '优惠劵的领取方式 - 指定发放', '1', '2022-11-04 19:13:13', '1', '2022-11-04 19:14:48', b'0');
INSERT INTO `system_dict_data` (`id`, `sort`, `label`, `value`, `dict_type`, `status`, `color_type`, `css_class`, `remark`, `creator`, `create_time`, `updater`, `update_time`, `deleted`) VALUES (1176, 10, '未开始', '10', 'promotion_activity_status', 0, 'primary', '', '促销活动的状态枚举 - 未开始', '1', '2022-11-04 22:54:49', '1', '2022-11-04 22:55:53', b'0');
INSERT INTO `system_dict_data` (`id`, `sort`, `label`, `value`, `dict_type`, `status`, `color_type`, `css_class`, `remark`, `creator`, `create_time`, `updater`, `update_time`, `deleted`) VALUES (1177, 20, '进行中', '20', 'promotion_activity_status', 0, 'success', '', '促销活动的状态枚举 - 进行中', '1', '2022-11-04 22:55:06', '1', '2022-11-04 22:55:20', b'0');
INSERT INTO `system_dict_data` (`id`, `sort`, `label`, `value`, `dict_type`, `status`, `color_type`, `css_class`, `remark`, `creator`, `create_time`, `updater`, `update_time`, `deleted`) VALUES (1178, 30, '已结束', '30', 'promotion_activity_status', 0, 'info', '', '促销活动的状态枚举 - 已结束', '1', '2022-11-04 22:55:41', '1', '2022-11-04 22:55:41', b'0');
INSERT INTO `system_dict_data` (`id`, `sort`, `label`, `value`, `dict_type`, `status`, `color_type`, `css_class`, `remark`, `creator`, `create_time`, `updater`, `update_time`, `deleted`) VALUES (1179, 40, '已关闭', '40', 'promotion_activity_status', 0, 'warning', '', '促销活动的状态枚举 - 已关闭', '1', '2022-11-04 22:56:10', '1', '2022-11-04 22:56:18', b'0');
INSERT INTO `system_dict_data` (`id`, `sort`, `label`, `value`, `dict_type`, `status`, `color_type`, `css_class`, `remark`, `creator`, `create_time`, `updater`, `update_time`, `deleted`) VALUES (1180, 10, '满 N 元', '10', 'promotion_condition_type', 0, 'primary', '', '营销的条件类型 - 满 N 元', '1', '2022-11-04 22:59:45', '1', '2022-11-04 22:59:45', b'0');
INSERT INTO `system_dict_data` (`id`, `sort`, `label`, `value`, `dict_type`, `status`, `color_type`, `css_class`, `remark`, `creator`, `create_time`, `updater`, `update_time`, `deleted`) VALUES (1181, 20, '满 N 件', '20', 'promotion_condition_type', 0, 'success', '', '营销的条件类型 - 满 N 件', '1', '2022-11-04 23:00:02', '1', '2022-11-04 23:00:02', b'0');
INSERT INTO `system_dict_data` (`id`, `sort`, `label`, `value`, `dict_type`, `status`, `color_type`, `css_class`, `remark`, `creator`, `create_time`, `updater`, `update_time`, `deleted`) VALUES (1182, 10, '申请售后', '10', 'trade_after_sale_status', 0, 'primary', '', '交易售后状态 - 申请售后', '1', '2022-11-19 20:53:33', '1', '2022-11-19 20:54:42', b'0');
INSERT INTO `system_dict_data` (`id`, `sort`, `label`, `value`, `dict_type`, `status`, `color_type`, `css_class`, `remark`, `creator`, `create_time`, `updater`, `update_time`, `deleted`) VALUES (1183, 20, '商品待退货', '20', 'trade_after_sale_status', 0, 'primary', '', '交易售后状态 - 商品待退货', '1', '2022-11-19 20:54:36', '1', '2022-11-19 20:58:58', b'0');
INSERT INTO `system_dict_data` (`id`, `sort`, `label`, `value`, `dict_type`, `status`, `color_type`, `css_class`, `remark`, `creator`, `create_time`, `updater`, `update_time`, `deleted`) VALUES (1184, 30, '商家待收货', '30', 'trade_after_sale_status', 0, 'primary', '', '交易售后状态 - 商家待收货', '1', '2022-11-19 20:56:56', '1', '2022-11-19 20:59:20', b'0');
INSERT INTO `system_dict_data` (`id`, `sort`, `label`, `value`, `dict_type`, `status`, `color_type`, `css_class`, `remark`, `creator`, `create_time`, `updater`, `update_time`, `deleted`) VALUES (1185, 40, '等待退款', '40', 'trade_after_sale_status', 0, 'primary', '', '交易售后状态 - 等待退款', '1', '2022-11-19 20:59:54', '1', '2022-11-19 21:00:01', b'0');
INSERT INTO `system_dict_data` (`id`, `sort`, `label`, `value`, `dict_type`, `status`, `color_type`, `css_class`, `remark`, `creator`, `create_time`, `updater`, `update_time`, `deleted`) VALUES (1186, 50, '退款成功', '50', 'trade_after_sale_status', 0, 'default', '', '交易售后状态 - 退款成功', '1', '2022-11-19 21:00:33', '1', '2022-11-19 21:00:33', b'0');
INSERT INTO `system_dict_data` (`id`, `sort`, `label`, `value`, `dict_type`, `status`, `color_type`, `css_class`, `remark`, `creator`, `create_time`, `updater`, `update_time`, `deleted`) VALUES (1187, 61, '买家取消', '61', 'trade_after_sale_status', 0, 'info', '', '交易售后状态 - 买家取消', '1', '2022-11-19 21:01:29', '1', '2022-11-19 21:01:29', b'0');
INSERT INTO `system_dict_data` (`id`, `sort`, `label`, `value`, `dict_type`, `status`, `color_type`, `css_class`, `remark`, `creator`, `create_time`, `updater`, `update_time`, `deleted`) VALUES (1188, 62, '商家拒绝', '62', 'trade_after_sale_status', 0, 'info', '', '交易售后状态 - 商家拒绝', '1', '2022-11-19 21:02:17', '1', '2022-11-19 21:02:17', b'0');
INSERT INTO `system_dict_data` (`id`, `sort`, `label`, `value`, `dict_type`, `status`, `color_type`, `css_class`, `remark`, `creator`, `create_time`, `updater`, `update_time`, `deleted`) VALUES (1189, 63, '商家拒收货', '63', 'trade_after_sale_status', 0, 'info', '', '交易售后状态 - 商家拒收货', '1', '2022-11-19 21:02:37', '1', '2022-11-19 21:03:07', b'0');
INSERT INTO `system_dict_data` (`id`, `sort`, `label`, `value`, `dict_type`, `status`, `color_type`, `css_class`, `remark`, `creator`, `create_time`, `updater`, `update_time`, `deleted`) VALUES (1190, 10, '售中退款', '10', 'trade_after_sale_type', 0, 'success', '', '交易售后的类型 - 售中退款', '1', '2022-11-19 21:05:05', '1', '2022-11-19 21:38:23', b'0');
INSERT INTO `system_dict_data` (`id`, `sort`, `label`, `value`, `dict_type`, `status`, `color_type`, `css_class`, `remark`, `creator`, `create_time`, `updater`, `update_time`, `deleted`) VALUES (1191, 20, '售后退款', '20', 'trade_after_sale_type', 0, 'primary', '', '交易售后的类型 - 售后退款', '1', '2022-11-19 21:05:32', '1', '2022-11-19 21:38:32', b'0');
INSERT INTO `system_dict_data` (`id`, `sort`, `label`, `value`, `dict_type`, `status`, `color_type`, `css_class`, `remark`, `creator`, `create_time`, `updater`, `update_time`, `deleted`) VALUES (1192, 10, '仅退款', '10', 'trade_after_sale_way', 0, 'primary', '', '交易售后的方式 - 仅退款', '1', '2022-11-19 21:39:19', '1', '2022-11-19 21:39:19', b'0');
INSERT INTO `system_dict_data` (`id`, `sort`, `label`, `value`, `dict_type`, `status`, `color_type`, `css_class`, `remark`, `creator`, `create_time`, `updater`, `update_time`, `deleted`) VALUES (1193, 20, '退货退款', '20', 'trade_after_sale_way', 0, 'success', '', '交易售后的方式 - 退货退款', '1', '2022-11-19 21:39:38', '1', '2022-11-19 21:39:49', b'0');
INSERT INTO `system_dict_data` (`id`, `sort`, `label`, `value`, `dict_type`, `status`, `color_type`, `css_class`, `remark`, `creator`, `create_time`, `updater`, `update_time`, `deleted`) VALUES (1194, 10, '微信小程序', '10', 'terminal', 0, 'default', '', '终端 - 微信小程序', '1', '2022-12-10 10:51:11', '1', '2022-12-10 10:51:57', b'0');
INSERT INTO `system_dict_data` (`id`, `sort`, `label`, `value`, `dict_type`, `status`, `color_type`, `css_class`, `remark`, `creator`, `create_time`, `updater`, `update_time`, `deleted`) VALUES (1195, 20, 'H5 网页', '20', 'terminal', 0, 'default', '', '终端 - H5 网页', '1', '2022-12-10 10:51:30', '1', '2022-12-10 10:51:59', b'0');
INSERT INTO `system_dict_data` (`id`, `sort`, `label`, `value`, `dict_type`, `status`, `color_type`, `css_class`, `remark`, `creator`, `create_time`, `updater`, `update_time`, `deleted`) VALUES (1196, 11, '微信公众号', '11', 'terminal', 0, 'default', '', '终端 - 微信公众号', '1', '2022-12-10 10:54:16', '1', '2022-12-10 10:52:01', b'0');
INSERT INTO `system_dict_data` (`id`, `sort`, `label`, `value`, `dict_type`, `status`, `color_type`, `css_class`, `remark`, `creator`, `create_time`, `updater`, `update_time`, `deleted`) VALUES (1197, 31, '苹果 App', '31', 'terminal', 0, 'default', '', '终端 - 苹果 App', '1', '2022-12-10 10:54:42', '1', '2022-12-10 10:52:18', b'0');
INSERT INTO `system_dict_data` (`id`, `sort`, `label`, `value`, `dict_type`, `status`, `color_type`, `css_class`, `remark`, `creator`, `create_time`, `updater`, `update_time`, `deleted`) VALUES (1198, 32, '安卓 App', '32', 'terminal', 0, 'default', '', '终端 - 安卓 App', '1', '2022-12-10 10:55:02', '1', '2022-12-10 10:59:17', b'0');
INSERT INTO `system_dict_data` (`id`, `sort`, `label`, `value`, `dict_type`, `status`, `color_type`, `css_class`, `remark`, `creator`, `create_time`, `updater`, `update_time`, `deleted`) VALUES (1199, 0, '普通订单', '0', 'trade_order_type', 0, 'default', '', '交易订单的类型 - 普通订单', '1', '2022-12-10 16:34:14', '1', '2022-12-10 16:34:14', b'0');
INSERT INTO `system_dict_data` (`id`, `sort`, `label`, `value`, `dict_type`, `status`, `color_type`, `css_class`, `remark`, `creator`, `create_time`, `updater`, `update_time`, `deleted`) VALUES (1200, 1, '秒杀订单', '1', 'trade_order_type', 0, 'default', '', '交易订单的类型 - 秒杀订单', '1', '2022-12-10 16:34:26', '1', '2022-12-10 16:34:26', b'0');
INSERT INTO `system_dict_data` (`id`, `sort`, `label`, `value`, `dict_type`, `status`, `color_type`, `css_class`, `remark`, `creator`, `create_time`, `updater`, `update_time`, `deleted`) VALUES (1201, 2, '拼团订单', '2', 'trade_order_type', 0, 'default', '', '交易订单的类型 - 拼团订单', '1', '2022-12-10 16:34:36', '1', '2022-12-10 16:34:36', b'0');
INSERT INTO `system_dict_data` (`id`, `sort`, `label`, `value`, `dict_type`, `status`, `color_type`, `css_class`, `remark`, `creator`, `create_time`, `updater`, `update_time`, `deleted`) VALUES (1202, 3, '砍价订单', '3', 'trade_order_type', 0, 'default', '', '交易订单的类型 - 砍价订单', '1', '2022-12-10 16:34:48', '1', '2022-12-10 16:34:48', b'0');
INSERT INTO `system_dict_data` (`id`, `sort`, `label`, `value`, `dict_type`, `status`, `color_type`, `css_class`, `remark`, `creator`, `create_time`, `updater`, `update_time`, `deleted`) VALUES (1203, 0, '待支付', '0', 'trade_order_status', 0, 'default', '', '交易订单状态 - 待支付', '1', '2022-12-10 16:49:29', '1', '2022-12-10 16:49:29', b'0');
INSERT INTO `system_dict_data` (`id`, `sort`, `label`, `value`, `dict_type`, `status`, `color_type`, `css_class`, `remark`, `creator`, `create_time`, `updater`, `update_time`, `deleted`) VALUES (1204, 10, '待发货', '10', 'trade_order_status', 0, 'primary', '', '交易订单状态 - 待发货', '1', '2022-12-10 16:49:53', '1', '2022-12-10 16:51:17', b'0');
INSERT INTO `system_dict_data` (`id`, `sort`, `label`, `value`, `dict_type`, `status`, `color_type`, `css_class`, `remark`, `creator`, `create_time`, `updater`, `update_time`, `deleted`) VALUES (1205, 20, '已发货', '20', 'trade_order_status', 0, 'primary', '', '交易订单状态 - 已发货', '1', '2022-12-10 16:50:13', '1', '2022-12-10 16:51:31', b'0');
INSERT INTO `system_dict_data` (`id`, `sort`, `label`, `value`, `dict_type`, `status`, `color_type`, `css_class`, `remark`, `creator`, `create_time`, `updater`, `update_time`, `deleted`) VALUES (1206, 30, '已完成', '30', 'trade_order_status', 0, 'success', '', '交易订单状态 - 已完成', '1', '2022-12-10 16:50:30', '1', '2022-12-10 16:51:06', b'0');
INSERT INTO `system_dict_data` (`id`, `sort`, `label`, `value`, `dict_type`, `status`, `color_type`, `css_class`, `remark`, `creator`, `create_time`, `updater`, `update_time`, `deleted`) VALUES (1207, 40, '已取消', '40', 'trade_order_status', 0, 'danger', '', '交易订单状态 - 已取消', '1', '2022-12-10 16:50:50', '1', '2022-12-10 16:51:00', b'0');
INSERT INTO `system_dict_data` (`id`, `sort`, `label`, `value`, `dict_type`, `status`, `color_type`, `css_class`, `remark`, `creator`, `create_time`, `updater`, `update_time`, `deleted`) VALUES (1208, 0, '未售后', '0', 'trade_order_item_after_sale_status', 0, 'info', '', '交易订单项的售后状态 - 未售后', '1', '2022-12-10 20:58:42', '1', '2022-12-10 20:59:29', b'0');
INSERT INTO `system_dict_data` (`id`, `sort`, `label`, `value`, `dict_type`, `status`, `color_type`, `css_class`, `remark`, `creator`, `create_time`, `updater`, `update_time`, `deleted`) VALUES (1209, 1, '售后中', '1', 'trade_order_item_after_sale_status', 0, 'primary', '', '交易订单项的售后状态 - 售后中', '1', '2022-12-10 20:59:21', '1', '2022-12-10 20:59:21', b'0');
INSERT INTO `system_dict_data` (`id`, `sort`, `label`, `value`, `dict_type`, `status`, `color_type`, `css_class`, `remark`, `creator`, `create_time`, `updater`, `update_time`, `deleted`) VALUES (1210, 2, '已退款', '2', 'trade_order_item_after_sale_status', 0, 'success', '', '交易订单项的售后状态 - 已退款', '1', '2022-12-10 20:59:46', '1', '2022-12-10 20:59:46', b'0');
INSERT INTO `system_dict_data` (`id`, `sort`, `label`, `value`, `dict_type`, `status`, `color_type`, `css_class`, `remark`, `creator`, `create_time`, `updater`, `update_time`, `deleted`) VALUES (1211, 1, '完全匹配', '1', 'mp_auto_reply_request_match', 0, 'primary', '', '公众号自动回复的请求关键字匹配模式 - 完全匹配', '1', '2023-01-16 23:30:39', '1', '2023-01-16 23:31:00', b'0');
INSERT INTO `system_dict_data` (`id`, `sort`, `label`, `value`, `dict_type`, `status`, `color_type`, `css_class`, `remark`, `creator`, `create_time`, `updater`, `update_time`, `deleted`) VALUES (1212, 2, '半匹配', '2', 'mp_auto_reply_request_match', 0, 'success', '', '公众号自动回复的请求关键字匹配模式 - 半匹配', '1', '2023-01-16 23:30:55', '1', '2023-01-16 23:31:10', b'0');
INSERT INTO `system_dict_data` (`id`, `sort`, `label`, `value`, `dict_type`, `status`, `color_type`, `css_class`, `remark`, `creator`, `create_time`, `updater`, `update_time`, `deleted`) VALUES (1213, 1, '文本', 'text', 'mp_message_type', 0, 'default', '', '公众号的消息类型 - 文本', '1', '2023-01-17 22:17:32', '1', '2023-01-17 22:17:39', b'0');
INSERT INTO `system_dict_data` (`id`, `sort`, `label`, `value`, `dict_type`, `status`, `color_type`, `css_class`, `remark`, `creator`, `create_time`, `updater`, `update_time`, `deleted`) VALUES (1214, 2, '图片', 'image', 'mp_message_type', 0, 'default', '', '公众号的消息类型 - 图片', '1', '2023-01-17 22:17:32', '1', '2023-01-17 14:19:47', b'0');
INSERT INTO `system_dict_data` (`id`, `sort`, `label`, `value`, `dict_type`, `status`, `color_type`, `css_class`, `remark`, `creator`, `create_time`, `updater`, `update_time`, `deleted`) VALUES (1215, 3, '语音', 'voice', 'mp_message_type', 0, 'default', '', '公众号的消息类型 - 语音', '1', '2023-01-17 22:17:32', '1', '2023-01-17 14:20:08', b'0');
INSERT INTO `system_dict_data` (`id`, `sort`, `label`, `value`, `dict_type`, `status`, `color_type`, `css_class`, `remark`, `creator`, `create_time`, `updater`, `update_time`, `deleted`) VALUES (1216, 4, '视频', 'video', 'mp_message_type', 0, 'default', '', '公众号的消息类型 - 视频', '1', '2023-01-17 22:17:32', '1', '2023-01-17 14:21:08', b'0');
INSERT INTO `system_dict_data` (`id`, `sort`, `label`, `value`, `dict_type`, `status`, `color_type`, `css_class`, `remark`, `creator`, `create_time`, `updater`, `update_time`, `deleted`) VALUES (1217, 5, '小视频', 'shortvideo', 'mp_message_type', 0, 'default', '', '公众号的消息类型 - 小视频', '1', '2023-01-17 22:17:32', '1', '2023-01-17 14:19:59', b'0');
INSERT INTO `system_dict_data` (`id`, `sort`, `label`, `value`, `dict_type`, `status`, `color_type`, `css_class`, `remark`, `creator`, `create_time`, `updater`, `update_time`, `deleted`) VALUES (1218, 6, '图文', 'news', 'mp_message_type', 0, 'default', '', '公众号的消息类型 - 图文', '1', '2023-01-17 22:17:32', '1', '2023-01-17 14:22:54', b'0');
INSERT INTO `system_dict_data` (`id`, `sort`, `label`, `value`, `dict_type`, `status`, `color_type`, `css_class`, `remark`, `creator`, `create_time`, `updater`, `update_time`, `deleted`) VALUES (1219, 7, '音乐', 'music', 'mp_message_type', 0, 'default', '', '公众号的消息类型 - 音乐', '1', '2023-01-17 22:17:32', '1', '2023-01-17 14:22:54', b'0');
INSERT INTO `system_dict_data` (`id`, `sort`, `label`, `value`, `dict_type`, `status`, `color_type`, `css_class`, `remark`, `creator`, `create_time`, `updater`, `update_time`, `deleted`) VALUES (1220, 8, '地理位置', 'location', 'mp_message_type', 0, 'default', '', '公众号的消息类型 - 地理位置', '1', '2023-01-17 22:17:32', '1', '2023-01-17 14:23:51', b'0');
INSERT INTO `system_dict_data` (`id`, `sort`, `label`, `value`, `dict_type`, `status`, `color_type`, `css_class`, `remark`, `creator`, `create_time`, `updater`, `update_time`, `deleted`) VALUES (1221, 9, '链接', 'link', 'mp_message_type', 0, 'default', '', '公众号的消息类型 - 链接', '1', '2023-01-17 22:17:32', '1', '2023-01-17 14:24:49', b'0');
INSERT INTO `system_dict_data` (`id`, `sort`, `label`, `value`, `dict_type`, `status`, `color_type`, `css_class`, `remark`, `creator`, `create_time`, `updater`, `update_time`, `deleted`) VALUES (1222, 10, '事件', 'event', 'mp_message_type', 0, 'default', '', '公众号的消息类型 - 事件', '1', '2023-01-17 22:17:32', '1', '2023-01-17 14:24:49', b'0');
INSERT INTO `system_dict_data` (`id`, `sort`, `label`, `value`, `dict_type`, `status`, `color_type`, `css_class`, `remark`, `creator`, `create_time`, `updater`, `update_time`, `deleted`) VALUES (1223, 0, '初始化', '0', 'system_mail_send_status', 0, 'primary', '', '邮件发送状态 - 初始化\n', '1', '2023-01-26 09:53:49', '1', '2023-01-26 16:36:14', b'0');
INSERT INTO `system_dict_data` (`id`, `sort`, `label`, `value`, `dict_type`, `status`, `color_type`, `css_class`, `remark`, `creator`, `create_time`, `updater`, `update_time`, `deleted`) VALUES (1224, 10, '发送成功', '10', 'system_mail_send_status', 0, 'success', '', '邮件发送状态 - 发送成功', '1', '2023-01-26 09:54:28', '1', '2023-01-26 16:36:22', b'0');
INSERT INTO `system_dict_data` (`id`, `sort`, `label`, `value`, `dict_type`, `status`, `color_type`, `css_class`, `remark`, `creator`, `create_time`, `updater`, `update_time`, `deleted`) VALUES (1225, 20, '发送失败', '20', 'system_mail_send_status', 0, 'danger', '', '邮件发送状态 - 发送失败', '1', '2023-01-26 09:54:50', '1', '2023-01-26 16:36:26', b'0');
INSERT INTO `system_dict_data` (`id`, `sort`, `label`, `value`, `dict_type`, `status`, `color_type`, `css_class`, `remark`, `creator`, `create_time`, `updater`, `update_time`, `deleted`) VALUES (1226, 30, '不发送', '30', 'system_mail_send_status', 0, 'info', '', '邮件发送状态 -  不发送', '1', '2023-01-26 09:55:06', '1', '2023-01-26 16:36:36', b'0');
INSERT INTO `system_dict_data` (`id`, `sort`, `label`, `value`, `dict_type`, `status`, `color_type`, `css_class`, `remark`, `creator`, `create_time`, `updater`, `update_time`, `deleted`) VALUES (1227, 1, '通知公告', '1', 'system_notify_template_type', 0, 'primary', '', '站内信模版的类型 - 通知公告', '1', '2023-01-28 10:35:59', '1', '2023-01-28 10:35:59', b'0');
INSERT INTO `system_dict_data` (`id`, `sort`, `label`, `value`, `dict_type`, `status`, `color_type`, `css_class`, `remark`, `creator`, `create_time`, `updater`, `update_time`, `deleted`) VALUES (1228, 2, '系统消息', '2', 'system_notify_template_type', 0, 'success', '', '站内信模版的类型 - 系统消息', '1', '2023-01-28 10:36:20', '1', '2023-01-28 10:36:25', b'0');
INSERT INTO `system_dict_data` (`id`, `sort`, `label`, `value`, `dict_type`, `status`, `color_type`, `css_class`, `remark`, `creator`, `create_time`, `updater`, `update_time`, `deleted`) VALUES (1230, 13, '支付宝条码支付', 'alipay_bar', 'pay_channel_code', 0, 'primary', '', '支付宝条码支付', '1', '2023-02-18 23:32:24', '1', '2023-07-19 20:09:23', b'0');
INSERT INTO `system_dict_data` (`id`, `sort`, `label`, `value`, `dict_type`, `status`, `color_type`, `css_class`, `remark`, `creator`, `create_time`, `updater`, `update_time`, `deleted`) VALUES (1231, 10, 'Vue2 Element UI 标准模版', '10', 'infra_codegen_front_type', 0, '', '', '', '1', '2023-04-13 00:03:55', '1', '2023-04-13 00:03:55', b'0');
INSERT INTO `system_dict_data` (`id`, `sort`, `label`, `value`, `dict_type`, `status`, `color_type`, `css_class`, `remark`, `creator`, `create_time`, `updater`, `update_time`, `deleted`) VALUES (1232, 20, 'Vue3 Element Plus 标准模版', '20', 'infra_codegen_front_type', 0, '', '', '', '1', '2023-04-13 00:04:08', '1', '2023-04-13 00:04:08', b'0');
INSERT INTO `system_dict_data` (`id`, `sort`, `label`, `value`, `dict_type`, `status`, `color_type`, `css_class`, `remark`, `creator`, `create_time`, `updater`, `update_time`, `deleted`) VALUES (1233, 21, 'Vue3 Element Plus Schema 模版', '21', 'infra_codegen_front_type', 0, '', '', '', '1', '2023-04-13 00:04:26', '1', '2023-04-13 00:04:26', b'0');
INSERT INTO `system_dict_data` (`id`, `sort`, `label`, `value`, `dict_type`, `status`, `color_type`, `css_class`, `remark`, `creator`, `create_time`, `updater`, `update_time`, `deleted`) VALUES (1234, 30, 'Vue3 vben 模版', '30', 'infra_codegen_front_type', 0, '', '', '', '1', '2023-04-13 00:04:26', '1', '2023-04-13 00:04:26', b'0');
INSERT INTO `system_dict_data` (`id`, `sort`, `label`, `value`, `dict_type`, `status`, `color_type`, `css_class`, `remark`, `creator`, `create_time`, `updater`, `update_time`, `deleted`) VALUES (1235, 1, '个', '1', 'product_unit', 0, '', '', '', '1', '2023-05-23 14:38:38', '1', '2023-05-23 14:38:38', b'0');
INSERT INTO `system_dict_data` (`id`, `sort`, `label`, `value`, `dict_type`, `status`, `color_type`, `css_class`, `remark`, `creator`, `create_time`, `updater`, `update_time`, `deleted`) VALUES (1236, 1, '件', '2', 'product_unit', 0, '', '', '', '1', '2023-05-23 14:38:38', '1', '2023-05-23 14:38:38', b'0');
INSERT INTO `system_dict_data` (`id`, `sort`, `label`, `value`, `dict_type`, `status`, `color_type`, `css_class`, `remark`, `creator`, `create_time`, `updater`, `update_time`, `deleted`) VALUES (1237, 1, '盒', '3', 'product_unit', 0, '', '', '', '1', '2023-05-23 14:38:38', '1', '2023-05-23 14:38:38', b'0');
INSERT INTO `system_dict_data` (`id`, `sort`, `label`, `value`, `dict_type`, `status`, `color_type`, `css_class`, `remark`, `creator`, `create_time`, `updater`, `update_time`, `deleted`) VALUES (1238, 1, '袋', '4', 'product_unit', 0, '', '', '', '1', '2023-05-23 14:38:38', '1', '2023-05-23 14:38:38', b'0');
INSERT INTO `system_dict_data` (`id`, `sort`, `label`, `value`, `dict_type`, `status`, `color_type`, `css_class`, `remark`, `creator`, `create_time`, `updater`, `update_time`, `deleted`) VALUES (1239, 1, '箱', '5', 'product_unit', 0, '', '', '', '1', '2023-05-23 14:38:38', '1', '2023-05-23 14:38:38', b'0');
INSERT INTO `system_dict_data` (`id`, `sort`, `label`, `value`, `dict_type`, `status`, `color_type`, `css_class`, `remark`, `creator`, `create_time`, `updater`, `update_time`, `deleted`) VALUES (1240, 1, '套', '6', 'product_unit', 0, '', '', '', '1', '2023-05-23 14:38:38', '1', '2023-05-23 14:38:38', b'0');
INSERT INTO `system_dict_data` (`id`, `sort`, `label`, `value`, `dict_type`, `status`, `color_type`, `css_class`, `remark`, `creator`, `create_time`, `updater`, `update_time`, `deleted`) VALUES (1241, 1, '包', '7', 'product_unit', 0, '', '', '', '1', '2023-05-23 14:38:38', '1', '2023-05-23 14:38:38', b'0');
INSERT INTO `system_dict_data` (`id`, `sort`, `label`, `value`, `dict_type`, `status`, `color_type`, `css_class`, `remark`, `creator`, `create_time`, `updater`, `update_time`, `deleted`) VALUES (1242, 1, '双', '8', 'product_unit', 0, '', '', '', '1', '2023-05-23 14:38:38', '1', '2023-05-23 14:38:38', b'0');
INSERT INTO `system_dict_data` (`id`, `sort`, `label`, `value`, `dict_type`, `status`, `color_type`, `css_class`, `remark`, `creator`, `create_time`, `updater`, `update_time`, `deleted`) VALUES (1243, 1, '卷', '9', 'product_unit', 0, '', '', '', '1', '2023-05-23 14:38:38', '1', '2023-05-23 14:38:38', b'0');
INSERT INTO `system_dict_data` (`id`, `sort`, `label`, `value`, `dict_type`, `status`, `color_type`, `css_class`, `remark`, `creator`, `create_time`, `updater`, `update_time`, `deleted`) VALUES (1244, 0, '按件', '1', 'trade_delivery_express_charge_mode', 0, '', '', '', '1', '2023-05-21 22:46:40', '1', '2023-05-21 22:46:40', b'0');
INSERT INTO `system_dict_data` (`id`, `sort`, `label`, `value`, `dict_type`, `status`, `color_type`, `css_class`, `remark`, `creator`, `create_time`, `updater`, `update_time`, `deleted`) VALUES (1245, 1, '按重量', '2', 'trade_delivery_express_charge_mode', 0, '', '', '', '1', '2023-05-21 22:46:58', '1', '2023-05-21 22:46:58', b'0');
INSERT INTO `system_dict_data` (`id`, `sort`, `label`, `value`, `dict_type`, `status`, `color_type`, `css_class`, `remark`, `creator`, `create_time`, `updater`, `update_time`, `deleted`) VALUES (1246, 2, '按体积', '3', 'trade_delivery_express_charge_mode', 0, '', '', '', '1', '2023-05-21 22:47:18', '1', '2023-05-21 22:47:18', b'0');
INSERT INTO `system_dict_data` (`id`, `sort`, `label`, `value`, `dict_type`, `status`, `color_type`, `css_class`, `remark`, `creator`, `create_time`, `updater`, `update_time`, `deleted`) VALUES (1335, 11, '订单积分抵扣', '11', 'member_point_biz_type', 0, '', '', '', '1', '2023-06-10 12:15:27', '1', '2023-10-11 07:41:43', b'0');
INSERT INTO `system_dict_data` (`id`, `sort`, `label`, `value`, `dict_type`, `status`, `color_type`, `css_class`, `remark`, `creator`, `create_time`, `updater`, `update_time`, `deleted`) VALUES (1336, 1, '签到', '1', 'member_point_biz_type', 0, '', '', '', '1', '2023-06-10 12:15:48', '1', '2023-08-20 11:59:53', b'0');
INSERT INTO `system_dict_data` (`id`, `sort`, `label`, `value`, `dict_type`, `status`, `color_type`, `css_class`, `remark`, `creator`, `create_time`, `updater`, `update_time`, `deleted`) VALUES (1341, 20, '已退款', '20', 'pay_order_status', 0, 'danger', '', '已退款', '1', '2023-07-19 18:05:37', '1', '2023-07-19 18:05:37', b'0');
INSERT INTO `system_dict_data` (`id`, `sort`, `label`, `value`, `dict_type`, `status`, `color_type`, `css_class`, `remark`, `creator`, `create_time`, `updater`, `update_time`, `deleted`) VALUES (1342, 21, '请求成功，但是结果失败', '21', 'pay_notify_status', 0, 'warning', '', '请求成功，但是结果失败', '1', '2023-07-19 18:10:47', '1', '2023-07-19 18:11:38', b'0');
INSERT INTO `system_dict_data` (`id`, `sort`, `label`, `value`, `dict_type`, `status`, `color_type`, `css_class`, `remark`, `creator`, `create_time`, `updater`, `update_time`, `deleted`) VALUES (1343, 22, '请求失败', '22', 'pay_notify_status', 0, 'warning', '', NULL, '1', '2023-07-19 18:11:05', '1', '2023-07-19 18:11:27', b'0');
INSERT INTO `system_dict_data` (`id`, `sort`, `label`, `value`, `dict_type`, `status`, `color_type`, `css_class`, `remark`, `creator`, `create_time`, `updater`, `update_time`, `deleted`) VALUES (1344, 4, '微信扫码支付', 'wx_native', 'pay_channel_code', 0, 'success', '', '微信扫码支付', '1', '2023-07-19 20:07:47', '1', '2023-07-19 20:09:03', b'0');
INSERT INTO `system_dict_data` (`id`, `sort`, `label`, `value`, `dict_type`, `status`, `color_type`, `css_class`, `remark`, `creator`, `create_time`, `updater`, `update_time`, `deleted`) VALUES (1345, 5, '微信条码支付', 'wx_bar', 'pay_channel_code', 0, 'success', '', '微信条码支付\n', '1', '2023-07-19 20:08:06', '1', '2023-07-19 20:09:08', b'0');
INSERT INTO `system_dict_data` (`id`, `sort`, `label`, `value`, `dict_type`, `status`, `color_type`, `css_class`, `remark`, `creator`, `create_time`, `updater`, `update_time`, `deleted`) VALUES (1346, 1, '支付单', '1', 'pay_notify_type', 0, 'primary', '', '支付单', '1', '2023-07-20 12:23:17', '1', '2023-07-20 12:23:17', b'0');
INSERT INTO `system_dict_data` (`id`, `sort`, `label`, `value`, `dict_type`, `status`, `color_type`, `css_class`, `remark`, `creator`, `create_time`, `updater`, `update_time`, `deleted`) VALUES (1347, 2, '退款单', '2', 'pay_notify_type', 0, 'danger', '', NULL, '1', '2023-07-20 12:23:26', '1', '2023-07-20 12:23:26', b'0');
INSERT INTO `system_dict_data` (`id`, `sort`, `label`, `value`, `dict_type`, `status`, `color_type`, `css_class`, `remark`, `creator`, `create_time`, `updater`, `update_time`, `deleted`) VALUES (1348, 20, '模拟支付', 'mock', 'pay_channel_code', 0, 'default', '', '模拟支付', '1', '2023-07-29 11:10:51', '1', '2023-07-29 03:14:10', b'0');
INSERT INTO `system_dict_data` (`id`, `sort`, `label`, `value`, `dict_type`, `status`, `color_type`, `css_class`, `remark`, `creator`, `create_time`, `updater`, `update_time`, `deleted`) VALUES (1349, 12, '订单积分抵扣（整单取消）', '12', 'member_point_biz_type', 0, '', '', '', '1', '2023-08-20 12:00:03', '1', '2023-10-11 07:42:01', b'0');
INSERT INTO `system_dict_data` (`id`, `sort`, `label`, `value`, `dict_type`, `status`, `color_type`, `css_class`, `remark`, `creator`, `create_time`, `updater`, `update_time`, `deleted`) VALUES (1350, 0, '管理员调整', '0', 'member_experience_biz_type', 0, '', '', NULL, '', '2023-08-22 12:41:01', '', '2023-08-22 12:41:01', b'0');
INSERT INTO `system_dict_data` (`id`, `sort`, `label`, `value`, `dict_type`, `status`, `color_type`, `css_class`, `remark`, `creator`, `create_time`, `updater`, `update_time`, `deleted`) VALUES (1351, 1, '邀新奖励', '1', 'member_experience_biz_type', 0, '', '', NULL, '', '2023-08-22 12:41:01', '', '2023-08-22 12:41:01', b'0');
INSERT INTO `system_dict_data` (`id`, `sort`, `label`, `value`, `dict_type`, `status`, `color_type`, `css_class`, `remark`, `creator`, `create_time`, `updater`, `update_time`, `deleted`) VALUES (1352, 11, '下单奖励', '11', 'member_experience_biz_type', 0, 'success', '', NULL, '', '2023-08-22 12:41:01', '1', '2023-10-11 07:45:09', b'0');
INSERT INTO `system_dict_data` (`id`, `sort`, `label`, `value`, `dict_type`, `status`, `color_type`, `css_class`, `remark`, `creator`, `create_time`, `updater`, `update_time`, `deleted`) VALUES (1353, 12, '下单奖励（整单取消）', '12', 'member_experience_biz_type', 0, 'warning', '', NULL, '', '2023-08-22 12:41:01', '1', '2023-10-11 07:45:01', b'0');
INSERT INTO `system_dict_data` (`id`, `sort`, `label`, `value`, `dict_type`, `status`, `color_type`, `css_class`, `remark`, `creator`, `create_time`, `updater`, `update_time`, `deleted`) VALUES (1354, 4, '签到奖励', '4', 'member_experience_biz_type', 0, '', '', NULL, '', '2023-08-22 12:41:01', '', '2023-08-22 12:41:01', b'0');
INSERT INTO `system_dict_data` (`id`, `sort`, `label`, `value`, `dict_type`, `status`, `color_type`, `css_class`, `remark`, `creator`, `create_time`, `updater`, `update_time`, `deleted`) VALUES (1355, 5, '抽奖奖励', '5', 'member_experience_biz_type', 0, '', '', NULL, '', '2023-08-22 12:41:01', '', '2023-08-22 12:41:01', b'0');
INSERT INTO `system_dict_data` (`id`, `sort`, `label`, `value`, `dict_type`, `status`, `color_type`, `css_class`, `remark`, `creator`, `create_time`, `updater`, `update_time`, `deleted`) VALUES (1356, 1, '快递发货', '1', 'trade_delivery_type', 0, '', '', '', '1', '2023-08-23 00:04:55', '1', '2023-08-23 00:04:55', b'0');
INSERT INTO `system_dict_data` (`id`, `sort`, `label`, `value`, `dict_type`, `status`, `color_type`, `css_class`, `remark`, `creator`, `create_time`, `updater`, `update_time`, `deleted`) VALUES (1357, 2, '用户自提', '2', 'trade_delivery_type', 0, '', '', '', '1', '2023-08-23 00:05:05', '1', '2023-08-23 00:05:05', b'0');
INSERT INTO `system_dict_data` (`id`, `sort`, `label`, `value`, `dict_type`, `status`, `color_type`, `css_class`, `remark`, `creator`, `create_time`, `updater`, `update_time`, `deleted`) VALUES (1358, 3, '品类劵', '3', 'promotion_product_scope', 0, 'default', '', '', '1', '2023-09-01 23:43:07', '1', '2023-09-28 00:27:47', b'0');
INSERT INTO `system_dict_data` (`id`, `sort`, `label`, `value`, `dict_type`, `status`, `color_type`, `css_class`, `remark`, `creator`, `create_time`, `updater`, `update_time`, `deleted`) VALUES (1359, 1, '人人分销', '1', 'brokerage_enabled_condition', 0, '', '', '所有用户都可以分销', '', '2023-09-28 02:46:05', '', '2023-09-28 02:46:05', b'0');
INSERT INTO `system_dict_data` (`id`, `sort`, `label`, `value`, `dict_type`, `status`, `color_type`, `css_class`, `remark`, `creator`, `create_time`, `updater`, `update_time`, `deleted`) VALUES (1360, 2, '指定分销', '2', 'brokerage_enabled_condition', 0, '', '', '仅可后台手动设置推广员', '', '2023-09-28 02:46:05', '', '2023-09-28 02:46:05', b'0');
INSERT INTO `system_dict_data` (`id`, `sort`, `label`, `value`, `dict_type`, `status`, `color_type`, `css_class`, `remark`, `creator`, `create_time`, `updater`, `update_time`, `deleted`) VALUES (1361, 1, '首次绑定', '1', 'brokerage_bind_mode', 0, '', '', '只要用户没有推广人，随时都可以绑定推广关系', '', '2023-09-28 02:46:05', '', '2023-09-28 02:46:05', b'0');
INSERT INTO `system_dict_data` (`id`, `sort`, `label`, `value`, `dict_type`, `status`, `color_type`, `css_class`, `remark`, `creator`, `create_time`, `updater`, `update_time`, `deleted`) VALUES (1362, 2, '注册绑定', '2', 'brokerage_bind_mode', 0, '', '', '仅新用户注册时才能绑定推广关系', '', '2023-09-28 02:46:05', '', '2023-09-28 02:46:05', b'0');
INSERT INTO `system_dict_data` (`id`, `sort`, `label`, `value`, `dict_type`, `status`, `color_type`, `css_class`, `remark`, `creator`, `create_time`, `updater`, `update_time`, `deleted`) VALUES (1363, 3, '覆盖绑定', '3', 'brokerage_bind_mode', 0, '', '', '如果用户已经有推广人，推广人会被变更', '', '2023-09-28 02:46:05', '', '2023-09-28 02:46:05', b'0');
INSERT INTO `system_dict_data` (`id`, `sort`, `label`, `value`, `dict_type`, `status`, `color_type`, `css_class`, `remark`, `creator`, `create_time`, `updater`, `update_time`, `deleted`) VALUES (1364, 1, '钱包', '1', 'brokerage_withdraw_type', 0, '', '', NULL, '', '2023-09-28 02:46:05', '', '2023-09-28 02:46:05', b'0');
INSERT INTO `system_dict_data` (`id`, `sort`, `label`, `value`, `dict_type`, `status`, `color_type`, `css_class`, `remark`, `creator`, `create_time`, `updater`, `update_time`, `deleted`) VALUES (1365, 2, '银行卡', '2', 'brokerage_withdraw_type', 0, '', '', NULL, '', '2023-09-28 02:46:05', '', '2023-09-28 02:46:05', b'0');
INSERT INTO `system_dict_data` (`id`, `sort`, `label`, `value`, `dict_type`, `status`, `color_type`, `css_class`, `remark`, `creator`, `create_time`, `updater`, `update_time`, `deleted`) VALUES (1366, 3, '微信', '3', 'brokerage_withdraw_type', 0, '', '', NULL, '', '2023-09-28 02:46:05', '', '2023-09-28 02:46:05', b'0');
INSERT INTO `system_dict_data` (`id`, `sort`, `label`, `value`, `dict_type`, `status`, `color_type`, `css_class`, `remark`, `creator`, `create_time`, `updater`, `update_time`, `deleted`) VALUES (1367, 4, '支付宝', '4', 'brokerage_withdraw_type', 0, '', '', NULL, '', '2023-09-28 02:46:05', '', '2023-09-28 02:46:05', b'0');
INSERT INTO `system_dict_data` (`id`, `sort`, `label`, `value`, `dict_type`, `status`, `color_type`, `css_class`, `remark`, `creator`, `create_time`, `updater`, `update_time`, `deleted`) VALUES (1368, 1, '订单返佣', '1', 'brokerage_record_biz_type', 0, '', '', NULL, '', '2023-09-28 02:46:05', '', '2023-09-28 02:46:05', b'0');
INSERT INTO `system_dict_data` (`id`, `sort`, `label`, `value`, `dict_type`, `status`, `color_type`, `css_class`, `remark`, `creator`, `create_time`, `updater`, `update_time`, `deleted`) VALUES (1369, 2, '申请提现', '2', 'brokerage_record_biz_type', 0, '', '', NULL, '', '2023-09-28 02:46:05', '', '2023-09-28 02:46:05', b'0');
INSERT INTO `system_dict_data` (`id`, `sort`, `label`, `value`, `dict_type`, `status`, `color_type`, `css_class`, `remark`, `creator`, `create_time`, `updater`, `update_time`, `deleted`) VALUES (1370, 3, '申请提现驳回', '3', 'brokerage_record_biz_type', 0, '', '', NULL, '', '2023-09-28 02:46:05', '', '2023-09-28 02:46:05', b'0');
INSERT INTO `system_dict_data` (`id`, `sort`, `label`, `value`, `dict_type`, `status`, `color_type`, `css_class`, `remark`, `creator`, `create_time`, `updater`, `update_time`, `deleted`) VALUES (1371, 0, '待结算', '0', 'brokerage_record_status', 0, '', '', NULL, '', '2023-09-28 02:46:05', '', '2023-09-28 02:46:05', b'0');
INSERT INTO `system_dict_data` (`id`, `sort`, `label`, `value`, `dict_type`, `status`, `color_type`, `css_class`, `remark`, `creator`, `create_time`, `updater`, `update_time`, `deleted`) VALUES (1372, 1, '已结算', '1', 'brokerage_record_status', 0, '', '', NULL, '', '2023-09-28 02:46:05', '', '2023-09-28 02:46:05', b'0');
INSERT INTO `system_dict_data` (`id`, `sort`, `label`, `value`, `dict_type`, `status`, `color_type`, `css_class`, `remark`, `creator`, `create_time`, `updater`, `update_time`, `deleted`) VALUES (1373, 2, '已取消', '2', 'brokerage_record_status', 0, '', '', NULL, '', '2023-09-28 02:46:05', '', '2023-09-28 02:46:05', b'0');
INSERT INTO `system_dict_data` (`id`, `sort`, `label`, `value`, `dict_type`, `status`, `color_type`, `css_class`, `remark`, `creator`, `create_time`, `updater`, `update_time`, `deleted`) VALUES (1374, 0, '审核中', '0', 'brokerage_withdraw_status', 0, '', '', NULL, '', '2023-09-28 02:46:05', '', '2023-09-28 02:46:05', b'0');
INSERT INTO `system_dict_data` (`id`, `sort`, `label`, `value`, `dict_type`, `status`, `color_type`, `css_class`, `remark`, `creator`, `create_time`, `updater`, `update_time`, `deleted`) VALUES (1375, 10, '审核通过', '10', 'brokerage_withdraw_status', 0, 'success', '', NULL, '', '2023-09-28 02:46:05', '', '2023-09-28 02:46:05', b'0');
INSERT INTO `system_dict_data` (`id`, `sort`, `label`, `value`, `dict_type`, `status`, `color_type`, `css_class`, `remark`, `creator`, `create_time`, `updater`, `update_time`, `deleted`) VALUES (1376, 11, '提现成功', '11', 'brokerage_withdraw_status', 0, 'success', '', NULL, '', '2023-09-28 02:46:05', '', '2023-09-28 02:46:05', b'0');
INSERT INTO `system_dict_data` (`id`, `sort`, `label`, `value`, `dict_type`, `status`, `color_type`, `css_class`, `remark`, `creator`, `create_time`, `updater`, `update_time`, `deleted`) VALUES (1377, 20, '审核不通过', '20', 'brokerage_withdraw_status', 0, 'danger', '', NULL, '', '2023-09-28 02:46:05', '', '2023-09-28 02:46:05', b'0');
INSERT INTO `system_dict_data` (`id`, `sort`, `label`, `value`, `dict_type`, `status`, `color_type`, `css_class`, `remark`, `creator`, `create_time`, `updater`, `update_time`, `deleted`) VALUES (1378, 21, '提现失败', '21', 'brokerage_withdraw_status', 0, 'danger', '', NULL, '', '2023-09-28 02:46:05', '', '2023-09-28 02:46:05', b'0');
INSERT INTO `system_dict_data` (`id`, `sort`, `label`, `value`, `dict_type`, `status`, `color_type`, `css_class`, `remark`, `creator`, `create_time`, `updater`, `update_time`, `deleted`) VALUES (1379, 0, '工商银行', '0', 'brokerage_bank_name', 0, '', '', NULL, '', '2023-09-28 02:46:05', '', '2023-09-28 02:46:05', b'0');
INSERT INTO `system_dict_data` (`id`, `sort`, `label`, `value`, `dict_type`, `status`, `color_type`, `css_class`, `remark`, `creator`, `create_time`, `updater`, `update_time`, `deleted`) VALUES (1380, 1, '建设银行', '1', 'brokerage_bank_name', 0, '', '', NULL, '', '2023-09-28 02:46:05', '', '2023-09-28 02:46:05', b'0');
INSERT INTO `system_dict_data` (`id`, `sort`, `label`, `value`, `dict_type`, `status`, `color_type`, `css_class`, `remark`, `creator`, `create_time`, `updater`, `update_time`, `deleted`) VALUES (1381, 2, '农业银行', '2', 'brokerage_bank_name', 0, '', '', NULL, '', '2023-09-28 02:46:05', '', '2023-09-28 02:46:05', b'0');
INSERT INTO `system_dict_data` (`id`, `sort`, `label`, `value`, `dict_type`, `status`, `color_type`, `css_class`, `remark`, `creator`, `create_time`, `updater`, `update_time`, `deleted`) VALUES (1382, 3, '中国银行', '3', 'brokerage_bank_name', 0, '', '', NULL, '', '2023-09-28 02:46:05', '', '2023-09-28 02:46:05', b'0');
INSERT INTO `system_dict_data` (`id`, `sort`, `label`, `value`, `dict_type`, `status`, `color_type`, `css_class`, `remark`, `creator`, `create_time`, `updater`, `update_time`, `deleted`) VALUES (1383, 4, '交通银行', '4', 'brokerage_bank_name', 0, '', '', NULL, '', '2023-09-28 02:46:05', '', '2023-09-28 02:46:05', b'0');
INSERT INTO `system_dict_data` (`id`, `sort`, `label`, `value`, `dict_type`, `status`, `color_type`, `css_class`, `remark`, `creator`, `create_time`, `updater`, `update_time`, `deleted`) VALUES (1384, 5, '招商银行', '5', 'brokerage_bank_name', 0, '', '', NULL, '', '2023-09-28 02:46:05', '', '2023-09-28 02:46:05', b'0');
INSERT INTO `system_dict_data` (`id`, `sort`, `label`, `value`, `dict_type`, `status`, `color_type`, `css_class`, `remark`, `creator`, `create_time`, `updater`, `update_time`, `deleted`) VALUES (1385, 21, '钱包', 'wallet', 'pay_channel_code', 0, 'primary', '', '', '1', '2023-10-01 21:46:19', '1', '2023-10-01 21:48:01', b'0');
INSERT INTO `system_dict_data` (`id`, `sort`, `label`, `value`, `dict_type`, `status`, `color_type`, `css_class`, `remark`, `creator`, `create_time`, `updater`, `update_time`, `deleted`) VALUES (1386, 1, '砍价中', '1', 'promotion_bargain_record_status', 0, 'default', '', '', '1', '2023-10-05 10:41:26', '1', '2023-10-05 10:41:26', b'0');
INSERT INTO `system_dict_data` (`id`, `sort`, `label`, `value`, `dict_type`, `status`, `color_type`, `css_class`, `remark`, `creator`, `create_time`, `updater`, `update_time`, `deleted`) VALUES (1387, 2, '砍价成功', '2', 'promotion_bargain_record_status', 0, 'success', '', '', '1', '2023-10-05 10:41:39', '1', '2023-10-05 10:41:39', b'0');
INSERT INTO `system_dict_data` (`id`, `sort`, `label`, `value`, `dict_type`, `status`, `color_type`, `css_class`, `remark`, `creator`, `create_time`, `updater`, `update_time`, `deleted`) VALUES (1388, 3, '砍价失败', '3', 'promotion_bargain_record_status', 0, 'warning', '', '', '1', '2023-10-05 10:41:57', '1', '2023-10-05 10:41:57', b'0');
INSERT INTO `system_dict_data` (`id`, `sort`, `label`, `value`, `dict_type`, `status`, `color_type`, `css_class`, `remark`, `creator`, `create_time`, `updater`, `update_time`, `deleted`) VALUES (1389, 1, '拼团中', '1', 'promotion_combination_record_status', 0, '', '', '', '1', '2023-10-08 07:24:44', '1', '2023-10-08 07:24:44', b'0');
INSERT INTO `system_dict_data` (`id`, `sort`, `label`, `value`, `dict_type`, `status`, `color_type`, `css_class`, `remark`, `creator`, `create_time`, `updater`, `update_time`, `deleted`) VALUES (1390, 2, '拼团成功', '2', 'promotion_combination_record_status', 0, 'success', '', '', '1', '2023-10-08 07:24:56', '1', '2023-10-08 07:24:56', b'0');
INSERT INTO `system_dict_data` (`id`, `sort`, `label`, `value`, `dict_type`, `status`, `color_type`, `css_class`, `remark`, `creator`, `create_time`, `updater`, `update_time`, `deleted`) VALUES (1391, 3, '拼团失败', '3', 'promotion_combination_record_status', 0, 'warning', '', '', '1', '2023-10-08 07:25:11', '1', '2023-10-08 07:25:11', b'0');
INSERT INTO `system_dict_data` (`id`, `sort`, `label`, `value`, `dict_type`, `status`, `color_type`, `css_class`, `remark`, `creator`, `create_time`, `updater`, `update_time`, `deleted`) VALUES (1392, 2, '管理员修改', '2', 'member_point_biz_type', 0, 'default', '', '', '1', '2023-10-11 07:41:34', '1', '2023-10-11 07:41:34', b'0');
INSERT INTO `system_dict_data` (`id`, `sort`, `label`, `value`, `dict_type`, `status`, `color_type`, `css_class`, `remark`, `creator`, `create_time`, `updater`, `update_time`, `deleted`) VALUES (1393, 13, '订单积分抵扣（单个退款）', '13', 'member_point_biz_type', 0, '', '', '', '1', '2023-10-11 07:42:29', '1', '2023-10-11 07:42:29', b'0');
INSERT INTO `system_dict_data` (`id`, `sort`, `label`, `value`, `dict_type`, `status`, `color_type`, `css_class`, `remark`, `creator`, `create_time`, `updater`, `update_time`, `deleted`) VALUES (1394, 21, '订单积分奖励', '21', 'member_point_biz_type', 0, 'default', '', '', '1', '2023-10-11 07:42:44', '1', '2023-10-11 07:42:44', b'0');
INSERT INTO `system_dict_data` (`id`, `sort`, `label`, `value`, `dict_type`, `status`, `color_type`, `css_class`, `remark`, `creator`, `create_time`, `updater`, `update_time`, `deleted`) VALUES (1395, 22, '订单积分奖励（整单取消）', '22', 'member_point_biz_type', 0, 'default', '', '', '1', '2023-10-11 07:42:55', '1', '2023-10-11 07:43:01', b'0');
INSERT INTO `system_dict_data` (`id`, `sort`, `label`, `value`, `dict_type`, `status`, `color_type`, `css_class`, `remark`, `creator`, `create_time`, `updater`, `update_time`, `deleted`) VALUES (1396, 23, '订单积分奖励（单个退款）', '23', 'member_point_biz_type', 0, 'default', '', '', '1', '2023-10-11 07:43:16', '1', '2023-10-11 07:43:16', b'0');
INSERT INTO `system_dict_data` (`id`, `sort`, `label`, `value`, `dict_type`, `status`, `color_type`, `css_class`, `remark`, `creator`, `create_time`, `updater`, `update_time`, `deleted`) VALUES (1397, 13, '下单奖励（单个退款）', '13', 'member_experience_biz_type', 0, 'warning', '', '', '1', '2023-10-11 07:45:24', '1', '2023-10-11 07:45:38', b'0');
INSERT INTO `system_dict_data` (`id`, `sort`, `label`, `value`, `dict_type`, `status`, `color_type`, `css_class`, `remark`, `creator`, `create_time`, `updater`, `update_time`, `deleted`) VALUES (1398, 5, '网上转账', '5', 'crm_receivable_return_type', 0, 'default', '', '', '1', '2023-10-18 21:55:24', '1', '2023-10-18 21:55:24', b'0');
INSERT INTO `system_dict_data` (`id`, `sort`, `label`, `value`, `dict_type`, `status`, `color_type`, `css_class`, `remark`, `creator`, `create_time`, `updater`, `update_time`, `deleted`) VALUES (1399, 6, '支付宝', '6', 'crm_receivable_return_type', 0, 'default', '', '', '1', '2023-10-18 21:55:38', '1', '2023-10-18 21:55:38', b'0');
INSERT INTO `system_dict_data` (`id`, `sort`, `label`, `value`, `dict_type`, `status`, `color_type`, `css_class`, `remark`, `creator`, `create_time`, `updater`, `update_time`, `deleted`) VALUES (1400, 7, '微信支付', '7', 'crm_receivable_return_type', 0, 'default', '', '', '1', '2023-10-18 21:55:53', '1', '2023-10-18 21:55:53', b'0');
INSERT INTO `system_dict_data` (`id`, `sort`, `label`, `value`, `dict_type`, `status`, `color_type`, `css_class`, `remark`, `creator`, `create_time`, `updater`, `update_time`, `deleted`) VALUES (1401, 8, '其他', '8', 'crm_receivable_return_type', 0, 'default', '', '', '1', '2023-10-18 21:56:06', '1', '2023-10-18 21:56:06', b'0');
INSERT INTO `system_dict_data` (`id`, `sort`, `label`, `value`, `dict_type`, `status`, `color_type`, `css_class`, `remark`, `creator`, `create_time`, `updater`, `update_time`, `deleted`) VALUES (1402, 1, 'IT', '1', 'crm_customer_industry', 0, 'default', '', '', '1', '2023-10-28 23:02:15', '1', '2024-02-18 23:30:38', b'0');
INSERT INTO `system_dict_data` (`id`, `sort`, `label`, `value`, `dict_type`, `status`, `color_type`, `css_class`, `remark`, `creator`, `create_time`, `updater`, `update_time`, `deleted`) VALUES (1403, 2, '金融业', '2', 'crm_customer_industry', 0, 'default', '', '', '1', '2023-10-28 23:02:29', '1', '2024-02-18 23:30:43', b'0');
INSERT INTO `system_dict_data` (`id`, `sort`, `label`, `value`, `dict_type`, `status`, `color_type`, `css_class`, `remark`, `creator`, `create_time`, `updater`, `update_time`, `deleted`) VALUES (1404, 3, '房地产', '3', 'crm_customer_industry', 0, 'default', '', '', '1', '2023-10-28 23:02:41', '1', '2024-02-18 23:30:48', b'0');
INSERT INTO `system_dict_data` (`id`, `sort`, `label`, `value`, `dict_type`, `status`, `color_type`, `css_class`, `remark`, `creator`, `create_time`, `updater`, `update_time`, `deleted`) VALUES (1405, 4, '商业服务', '4', 'crm_customer_industry', 0, 'default', '', '', '1', '2023-10-28 23:02:54', '1', '2024-02-18 23:30:54', b'0');
INSERT INTO `system_dict_data` (`id`, `sort`, `label`, `value`, `dict_type`, `status`, `color_type`, `css_class`, `remark`, `creator`, `create_time`, `updater`, `update_time`, `deleted`) VALUES (1406, 5, '运输/物流', '5', 'crm_customer_industry', 0, 'default', '', '', '1', '2023-10-28 23:03:03', '1', '2024-02-18 23:31:00', b'0');
INSERT INTO `system_dict_data` (`id`, `sort`, `label`, `value`, `dict_type`, `status`, `color_type`, `css_class`, `remark`, `creator`, `create_time`, `updater`, `update_time`, `deleted`) VALUES (1407, 6, '生产', '6', 'crm_customer_industry', 0, 'default', '', '', '1', '2023-10-28 23:03:13', '1', '2024-02-18 23:31:08', b'0');
INSERT INTO `system_dict_data` (`id`, `sort`, `label`, `value`, `dict_type`, `status`, `color_type`, `css_class`, `remark`, `creator`, `create_time`, `updater`, `update_time`, `deleted`) VALUES (1408, 7, '政府', '7', 'crm_customer_industry', 0, 'default', '', '', '1', '2023-10-28 23:03:27', '1', '2024-02-18 23:31:13', b'0');
INSERT INTO `system_dict_data` (`id`, `sort`, `label`, `value`, `dict_type`, `status`, `color_type`, `css_class`, `remark`, `creator`, `create_time`, `updater`, `update_time`, `deleted`) VALUES (1409, 8, '文化传媒', '8', 'crm_customer_industry', 0, 'default', '', '', '1', '2023-10-28 23:03:37', '1', '2024-02-18 23:31:20', b'0');
INSERT INTO `system_dict_data` (`id`, `sort`, `label`, `value`, `dict_type`, `status`, `color_type`, `css_class`, `remark`, `creator`, `create_time`, `updater`, `update_time`, `deleted`) VALUES (1422, 1, 'A （重点客户）', '1', 'crm_customer_level', 0, 'primary', '', '', '1', '2023-10-28 23:07:13', '1', '2023-10-28 23:07:13', b'0');
INSERT INTO `system_dict_data` (`id`, `sort`, `label`, `value`, `dict_type`, `status`, `color_type`, `css_class`, `remark`, `creator`, `create_time`, `updater`, `update_time`, `deleted`) VALUES (1423, 2, 'B （普通客户）', '2', 'crm_customer_level', 0, 'info', '', '', '1', '2023-10-28 23:07:35', '1', '2023-10-28 23:07:35', b'0');
INSERT INTO `system_dict_data` (`id`, `sort`, `label`, `value`, `dict_type`, `status`, `color_type`, `css_class`, `remark`, `creator`, `create_time`, `updater`, `update_time`, `deleted`) VALUES (1424, 3, 'C （非优先客户）', '3', 'crm_customer_level', 0, 'default', '', '', '1', '2023-10-28 23:07:53', '1', '2023-10-28 23:07:53', b'0');
INSERT INTO `system_dict_data` (`id`, `sort`, `label`, `value`, `dict_type`, `status`, `color_type`, `css_class`, `remark`, `creator`, `create_time`, `updater`, `update_time`, `deleted`) VALUES (1425, 1, '促销', '1', 'crm_customer_source', 0, 'default', '', '', '1', '2023-10-28 23:08:29', '1', '2023-10-28 23:08:29', b'0');
INSERT INTO `system_dict_data` (`id`, `sort`, `label`, `value`, `dict_type`, `status`, `color_type`, `css_class`, `remark`, `creator`, `create_time`, `updater`, `update_time`, `deleted`) VALUES (1426, 2, '搜索引擎', '2', 'crm_customer_source', 0, 'default', '', '', '1', '2023-10-28 23:08:39', '1', '2023-10-28 23:08:39', b'0');
INSERT INTO `system_dict_data` (`id`, `sort`, `label`, `value`, `dict_type`, `status`, `color_type`, `css_class`, `remark`, `creator`, `create_time`, `updater`, `update_time`, `deleted`) VALUES (1427, 3, '广告', '3', 'crm_customer_source', 0, 'default', '', '', '1', '2023-10-28 23:08:47', '1', '2023-10-28 23:08:47', b'0');
INSERT INTO `system_dict_data` (`id`, `sort`, `label`, `value`, `dict_type`, `status`, `color_type`, `css_class`, `remark`, `creator`, `create_time`, `updater`, `update_time`, `deleted`) VALUES (1428, 4, '转介绍', '4', 'crm_customer_source', 0, 'default', '', '', '1', '2023-10-28 23:08:58', '1', '2023-10-28 23:08:58', b'0');
INSERT INTO `system_dict_data` (`id`, `sort`, `label`, `value`, `dict_type`, `status`, `color_type`, `css_class`, `remark`, `creator`, `create_time`, `updater`, `update_time`, `deleted`) VALUES (1429, 5, '线上注册', '5', 'crm_customer_source', 0, 'default', '', '', '1', '2023-10-28 23:09:12', '1', '2023-10-28 23:09:12', b'0');
INSERT INTO `system_dict_data` (`id`, `sort`, `label`, `value`, `dict_type`, `status`, `color_type`, `css_class`, `remark`, `creator`, `create_time`, `updater`, `update_time`, `deleted`) VALUES (1430, 6, '线上咨询', '6', 'crm_customer_source', 0, 'default', '', '', '1', '2023-10-28 23:09:22', '1', '2023-10-28 23:09:22', b'0');
INSERT INTO `system_dict_data` (`id`, `sort`, `label`, `value`, `dict_type`, `status`, `color_type`, `css_class`, `remark`, `creator`, `create_time`, `updater`, `update_time`, `deleted`) VALUES (1431, 7, '预约上门', '7', 'crm_customer_source', 0, 'default', '', '', '1', '2023-10-28 23:09:39', '1', '2023-10-28 23:09:39', b'0');
INSERT INTO `system_dict_data` (`id`, `sort`, `label`, `value`, `dict_type`, `status`, `color_type`, `css_class`, `remark`, `creator`, `create_time`, `updater`, `update_time`, `deleted`) VALUES (1432, 8, '陌拜', '8', 'crm_customer_source', 0, 'default', '', '', '1', '2023-10-28 23:10:04', '1', '2023-10-28 23:10:04', b'0');
INSERT INTO `system_dict_data` (`id`, `sort`, `label`, `value`, `dict_type`, `status`, `color_type`, `css_class`, `remark`, `creator`, `create_time`, `updater`, `update_time`, `deleted`) VALUES (1433, 9, '电话咨询', '9', 'crm_customer_source', 0, 'default', '', '', '1', '2023-10-28 23:10:18', '1', '2023-10-28 23:10:18', b'0');
INSERT INTO `system_dict_data` (`id`, `sort`, `label`, `value`, `dict_type`, `status`, `color_type`, `css_class`, `remark`, `creator`, `create_time`, `updater`, `update_time`, `deleted`) VALUES (1434, 10, '邮件咨询', '10', 'crm_customer_source', 0, 'default', '', '', '1', '2023-10-28 23:10:33', '1', '2023-10-28 23:10:33', b'0');
INSERT INTO `system_dict_data` (`id`, `sort`, `label`, `value`, `dict_type`, `status`, `color_type`, `css_class`, `remark`, `creator`, `create_time`, `updater`, `update_time`, `deleted`) VALUES (1435, 10, 'Gitee', '10', 'system_social_type', 0, '', '', '', '1', '2023-11-04 13:04:42', '1', '2023-11-04 13:04:42', b'0');
INSERT INTO `system_dict_data` (`id`, `sort`, `label`, `value`, `dict_type`, `status`, `color_type`, `css_class`, `remark`, `creator`, `create_time`, `updater`, `update_time`, `deleted`) VALUES (1436, 20, '钉钉', '20', 'system_social_type', 0, '', '', '', '1', '2023-11-04 13:04:54', '1', '2023-11-04 13:04:54', b'0');
INSERT INTO `system_dict_data` (`id`, `sort`, `label`, `value`, `dict_type`, `status`, `color_type`, `css_class`, `remark`, `creator`, `create_time`, `updater`, `update_time`, `deleted`) VALUES (1437, 30, '企业微信', '30', 'system_social_type', 0, '', '', '', '1', '2023-11-04 13:05:09', '1', '2023-11-04 13:05:09', b'0');
INSERT INTO `system_dict_data` (`id`, `sort`, `label`, `value`, `dict_type`, `status`, `color_type`, `css_class`, `remark`, `creator`, `create_time`, `updater`, `update_time`, `deleted`) VALUES (1438, 31, '微信公众平台', '31', 'system_social_type', 0, '', '', '', '1', '2023-11-04 13:05:18', '1', '2023-11-04 13:05:18', b'0');
INSERT INTO `system_dict_data` (`id`, `sort`, `label`, `value`, `dict_type`, `status`, `color_type`, `css_class`, `remark`, `creator`, `create_time`, `updater`, `update_time`, `deleted`) VALUES (1439, 32, '微信开放平台', '32', 'system_social_type', 0, '', '', '', '1', '2023-11-04 13:05:30', '1', '2023-11-04 13:05:30', b'0');
INSERT INTO `system_dict_data` (`id`, `sort`, `label`, `value`, `dict_type`, `status`, `color_type`, `css_class`, `remark`, `creator`, `create_time`, `updater`, `update_time`, `deleted`) VALUES (1440, 34, '微信小程序', '34', 'system_social_type', 0, '', '', '', '1', '2023-11-04 13:05:38', '1', '2023-11-04 13:07:16', b'0');
INSERT INTO `system_dict_data` (`id`, `sort`, `label`, `value`, `dict_type`, `status`, `color_type`, `css_class`, `remark`, `creator`, `create_time`, `updater`, `update_time`, `deleted`) VALUES (1441, 1, '上架', '1', 'crm_product_status', 0, 'success', '', '', '1', '2023-10-30 21:49:34', '1', '2023-10-30 21:49:34', b'0');
INSERT INTO `system_dict_data` (`id`, `sort`, `label`, `value`, `dict_type`, `status`, `color_type`, `css_class`, `remark`, `creator`, `create_time`, `updater`, `update_time`, `deleted`) VALUES (1442, 0, '下架', '0', 'crm_product_status', 0, 'success', '', '', '1', '2023-10-30 21:49:13', '1', '2023-10-30 21:49:13', b'0');
INSERT INTO `system_dict_data` (`id`, `sort`, `label`, `value`, `dict_type`, `status`, `color_type`, `css_class`, `remark`, `creator`, `create_time`, `updater`, `update_time`, `deleted`) VALUES (1443, 15, '子表', '15', 'infra_codegen_template_type', 0, 'default', '', '', '1', '2023-11-13 23:06:16', '1', '2023-11-13 23:06:16', b'0');
INSERT INTO `system_dict_data` (`id`, `sort`, `label`, `value`, `dict_type`, `status`, `color_type`, `css_class`, `remark`, `creator`, `create_time`, `updater`, `update_time`, `deleted`) VALUES (1444, 10, '主表（标准模式）', '10', 'infra_codegen_template_type', 0, 'default', '', '', '1', '2023-11-14 12:32:49', '1', '2023-11-14 12:32:49', b'0');
INSERT INTO `system_dict_data` (`id`, `sort`, `label`, `value`, `dict_type`, `status`, `color_type`, `css_class`, `remark`, `creator`, `create_time`, `updater`, `update_time`, `deleted`) VALUES (1445, 11, '主表（ERP 模式）', '11', 'infra_codegen_template_type', 0, 'default', '', '', '1', '2023-11-14 12:33:05', '1', '2023-11-14 12:33:05', b'0');
INSERT INTO `system_dict_data` (`id`, `sort`, `label`, `value`, `dict_type`, `status`, `color_type`, `css_class`, `remark`, `creator`, `create_time`, `updater`, `update_time`, `deleted`) VALUES (1446, 12, '主表（内嵌模式）', '12', 'infra_codegen_template_type', 0, '', '', '', '1', '2023-11-14 12:33:31', '1', '2023-11-14 12:33:31', b'0');
INSERT INTO `system_dict_data` (`id`, `sort`, `label`, `value`, `dict_type`, `status`, `color_type`, `css_class`, `remark`, `creator`, `create_time`, `updater`, `update_time`, `deleted`) VALUES (1447, 1, '负责人', '1', 'crm_permission_level', 0, 'default', '', '', '1', '2023-11-30 09:53:12', '1', '2023-11-30 09:53:12', b'0');
INSERT INTO `system_dict_data` (`id`, `sort`, `label`, `value`, `dict_type`, `status`, `color_type`, `css_class`, `remark`, `creator`, `create_time`, `updater`, `update_time`, `deleted`) VALUES (1448, 2, '只读', '2', 'crm_permission_level', 0, '', '', '', '1', '2023-11-30 09:53:29', '1', '2023-11-30 09:53:29', b'0');
INSERT INTO `system_dict_data` (`id`, `sort`, `label`, `value`, `dict_type`, `status`, `color_type`, `css_class`, `remark`, `creator`, `create_time`, `updater`, `update_time`, `deleted`) VALUES (1449, 3, '读写', '3', 'crm_permission_level', 0, '', '', '', '1', '2023-11-30 09:53:36', '1', '2023-11-30 09:53:36', b'0');
INSERT INTO `system_dict_data` (`id`, `sort`, `label`, `value`, `dict_type`, `status`, `color_type`, `css_class`, `remark`, `creator`, `create_time`, `updater`, `update_time`, `deleted`) VALUES (1450, 0, '未提交', '0', 'crm_audit_status', 0, '', '', '', '1', '2023-11-30 18:56:59', '1', '2023-11-30 18:56:59', b'0');
INSERT INTO `system_dict_data` (`id`, `sort`, `label`, `value`, `dict_type`, `status`, `color_type`, `css_class`, `remark`, `creator`, `create_time`, `updater`, `update_time`, `deleted`) VALUES (1451, 10, '审批中', '10', 'crm_audit_status', 0, '', '', '', '1', '2023-11-30 18:57:10', '1', '2023-11-30 18:57:10', b'0');
INSERT INTO `system_dict_data` (`id`, `sort`, `label`, `value`, `dict_type`, `status`, `color_type`, `css_class`, `remark`, `creator`, `create_time`, `updater`, `update_time`, `deleted`) VALUES (1452, 20, '审核通过', '20', 'crm_audit_status', 0, '', '', '', '1', '2023-11-30 18:57:24', '1', '2023-11-30 18:57:24', b'0');
INSERT INTO `system_dict_data` (`id`, `sort`, `label`, `value`, `dict_type`, `status`, `color_type`, `css_class`, `remark`, `creator`, `create_time`, `updater`, `update_time`, `deleted`) VALUES (1453, 30, '审核不通过', '30', 'crm_audit_status', 0, '', '', '', '1', '2023-11-30 18:57:32', '1', '2023-11-30 18:57:32', b'0');
INSERT INTO `system_dict_data` (`id`, `sort`, `label`, `value`, `dict_type`, `status`, `color_type`, `css_class`, `remark`, `creator`, `create_time`, `updater`, `update_time`, `deleted`) VALUES (1454, 40, '已取消', '40', 'crm_audit_status', 0, '', '', '', '1', '2023-11-30 18:57:42', '1', '2023-11-30 18:57:42', b'0');
INSERT INTO `system_dict_data` (`id`, `sort`, `label`, `value`, `dict_type`, `status`, `color_type`, `css_class`, `remark`, `creator`, `create_time`, `updater`, `update_time`, `deleted`) VALUES (1456, 1, '支票', '1', 'crm_receivable_return_type', 0, 'default', '', '', '1', '2023-10-18 21:54:29', '1', '2023-10-18 21:54:29', b'0');
INSERT INTO `system_dict_data` (`id`, `sort`, `label`, `value`, `dict_type`, `status`, `color_type`, `css_class`, `remark`, `creator`, `create_time`, `updater`, `update_time`, `deleted`) VALUES (1457, 2, '现金', '2', 'crm_receivable_return_type', 0, 'default', '', '', '1', '2023-10-18 21:54:41', '1', '2023-10-18 21:54:41', b'0');
INSERT INTO `system_dict_data` (`id`, `sort`, `label`, `value`, `dict_type`, `status`, `color_type`, `css_class`, `remark`, `creator`, `create_time`, `updater`, `update_time`, `deleted`) VALUES (1458, 3, '邮政汇款', '3', 'crm_receivable_return_type', 0, 'default', '', '', '1', '2023-10-18 21:54:53', '1', '2023-10-18 21:54:53', b'0');
INSERT INTO `system_dict_data` (`id`, `sort`, `label`, `value`, `dict_type`, `status`, `color_type`, `css_class`, `remark`, `creator`, `create_time`, `updater`, `update_time`, `deleted`) VALUES (1459, 4, '电汇', '4', 'crm_receivable_return_type', 0, 'default', '', '', '1', '2023-10-18 21:55:07', '1', '2023-10-18 21:55:07', b'0');
INSERT INTO `system_dict_data` (`id`, `sort`, `label`, `value`, `dict_type`, `status`, `color_type`, `css_class`, `remark`, `creator`, `create_time`, `updater`, `update_time`, `deleted`) VALUES (1460, 5, '网上转账', '5', 'crm_receivable_return_type', 0, 'default', '', '', '1', '2023-10-18 21:55:24', '1', '2023-10-18 21:55:24', b'0');
INSERT INTO `system_dict_data` (`id`, `sort`, `label`, `value`, `dict_type`, `status`, `color_type`, `css_class`, `remark`, `creator`, `create_time`, `updater`, `update_time`, `deleted`) VALUES (1461, 1, '个', '1', 'crm_product_unit', 0, '', '', '', '1', '2023-12-05 23:02:26', '1', '2023-12-05 23:02:26', b'0');
INSERT INTO `system_dict_data` (`id`, `sort`, `label`, `value`, `dict_type`, `status`, `color_type`, `css_class`, `remark`, `creator`, `create_time`, `updater`, `update_time`, `deleted`) VALUES (1462, 2, '块', '2', 'crm_product_unit', 0, '', '', '', '1', '2023-12-05 23:02:34', '1', '2023-12-05 23:02:34', b'0');
INSERT INTO `system_dict_data` (`id`, `sort`, `label`, `value`, `dict_type`, `status`, `color_type`, `css_class`, `remark`, `creator`, `create_time`, `updater`, `update_time`, `deleted`) VALUES (1463, 3, '只', '3', 'crm_product_unit', 0, '', '', '', '1', '2023-12-05 23:02:57', '1', '2023-12-05 23:02:57', b'0');
INSERT INTO `system_dict_data` (`id`, `sort`, `label`, `value`, `dict_type`, `status`, `color_type`, `css_class`, `remark`, `creator`, `create_time`, `updater`, `update_time`, `deleted`) VALUES (1464, 4, '把', '4', 'crm_product_unit', 0, '', '', '', '1', '2023-12-05 23:03:05', '1', '2023-12-05 23:03:05', b'0');
INSERT INTO `system_dict_data` (`id`, `sort`, `label`, `value`, `dict_type`, `status`, `color_type`, `css_class`, `remark`, `creator`, `create_time`, `updater`, `update_time`, `deleted`) VALUES (1465, 5, '枚', '5', 'crm_product_unit', 0, '', '', '', '1', '2023-12-05 23:03:14', '1', '2023-12-05 23:03:14', b'0');
INSERT INTO `system_dict_data` (`id`, `sort`, `label`, `value`, `dict_type`, `status`, `color_type`, `css_class`, `remark`, `creator`, `create_time`, `updater`, `update_time`, `deleted`) VALUES (1466, 6, '瓶', '6', 'crm_product_unit', 0, '', '', '', '1', '2023-12-05 23:03:20', '1', '2023-12-05 23:03:20', b'0');
INSERT INTO `system_dict_data` (`id`, `sort`, `label`, `value`, `dict_type`, `status`, `color_type`, `css_class`, `remark`, `creator`, `create_time`, `updater`, `update_time`, `deleted`) VALUES (1467, 7, '盒', '7', 'crm_product_unit', 0, '', '', '', '1', '2023-12-05 23:03:30', '1', '2023-12-05 23:03:30', b'0');
INSERT INTO `system_dict_data` (`id`, `sort`, `label`, `value`, `dict_type`, `status`, `color_type`, `css_class`, `remark`, `creator`, `create_time`, `updater`, `update_time`, `deleted`) VALUES (1468, 8, '台', '8', 'crm_product_unit', 0, '', '', '', '1', '2023-12-05 23:03:41', '1', '2023-12-05 23:03:41', b'0');
INSERT INTO `system_dict_data` (`id`, `sort`, `label`, `value`, `dict_type`, `status`, `color_type`, `css_class`, `remark`, `creator`, `create_time`, `updater`, `update_time`, `deleted`) VALUES (1469, 9, '吨', '9', 'crm_product_unit', 0, '', '', '', '1', '2023-12-05 23:03:48', '1', '2023-12-05 23:03:48', b'0');
INSERT INTO `system_dict_data` (`id`, `sort`, `label`, `value`, `dict_type`, `status`, `color_type`, `css_class`, `remark`, `creator`, `create_time`, `updater`, `update_time`, `deleted`) VALUES (1470, 10, '千克', '10', 'crm_product_unit', 0, '', '', '', '1', '2023-12-05 23:04:03', '1', '2023-12-05 23:04:03', b'0');
INSERT INTO `system_dict_data` (`id`, `sort`, `label`, `value`, `dict_type`, `status`, `color_type`, `css_class`, `remark`, `creator`, `create_time`, `updater`, `update_time`, `deleted`) VALUES (1471, 11, '米', '11', 'crm_product_unit', 0, '', '', '', '1', '2023-12-05 23:04:12', '1', '2023-12-05 23:04:12', b'0');
INSERT INTO `system_dict_data` (`id`, `sort`, `label`, `value`, `dict_type`, `status`, `color_type`, `css_class`, `remark`, `creator`, `create_time`, `updater`, `update_time`, `deleted`) VALUES (1472, 12, '箱', '12', 'crm_product_unit', 0, '', '', '', '1', '2023-12-05 23:04:25', '1', '2023-12-05 23:04:25', b'0');
INSERT INTO `system_dict_data` (`id`, `sort`, `label`, `value`, `dict_type`, `status`, `color_type`, `css_class`, `remark`, `creator`, `create_time`, `updater`, `update_time`, `deleted`) VALUES (1473, 13, '套', '13', 'crm_product_unit', 0, '', '', '', '1', '2023-12-05 23:04:34', '1', '2023-12-05 23:04:34', b'0');
INSERT INTO `system_dict_data` (`id`, `sort`, `label`, `value`, `dict_type`, `status`, `color_type`, `css_class`, `remark`, `creator`, `create_time`, `updater`, `update_time`, `deleted`) VALUES (1474, 1, '打电话', '1', 'crm_follow_up_type', 0, '', '', '', '1', '2024-01-15 20:48:20', '1', '2024-01-15 20:48:20', b'0');
INSERT INTO `system_dict_data` (`id`, `sort`, `label`, `value`, `dict_type`, `status`, `color_type`, `css_class`, `remark`, `creator`, `create_time`, `updater`, `update_time`, `deleted`) VALUES (1475, 2, '发短信', '2', 'crm_follow_up_type', 0, '', '', '', '1', '2024-01-15 20:48:31', '1', '2024-01-15 20:48:31', b'0');
INSERT INTO `system_dict_data` (`id`, `sort`, `label`, `value`, `dict_type`, `status`, `color_type`, `css_class`, `remark`, `creator`, `create_time`, `updater`, `update_time`, `deleted`) VALUES (1476, 3, '上门拜访', '3', 'crm_follow_up_type', 0, '', '', '', '1', '2024-01-15 20:49:07', '1', '2024-01-15 20:49:07', b'0');
INSERT INTO `system_dict_data` (`id`, `sort`, `label`, `value`, `dict_type`, `status`, `color_type`, `css_class`, `remark`, `creator`, `create_time`, `updater`, `update_time`, `deleted`) VALUES (1477, 4, '微信沟通', '4', 'crm_follow_up_type', 0, '', '', '', '1', '2024-01-15 20:49:15', '1', '2024-01-15 20:49:15', b'0');
INSERT INTO `system_dict_data` (`id`, `sort`, `label`, `value`, `dict_type`, `status`, `color_type`, `css_class`, `remark`, `creator`, `create_time`, `updater`, `update_time`, `deleted`) VALUES (1478, 4, '钱包余额', '4', 'pay_transfer_type', 0, 'info', '', '', '1', '2023-10-28 16:28:37', '1', '2023-10-28 16:28:37', b'0');
INSERT INTO `system_dict_data` (`id`, `sort`, `label`, `value`, `dict_type`, `status`, `color_type`, `css_class`, `remark`, `creator`, `create_time`, `updater`, `update_time`, `deleted`) VALUES (1479, 3, '银行卡', '3', 'pay_transfer_type', 0, 'default', '', '', '1', '2023-10-28 16:28:21', '1', '2023-10-28 16:28:21', b'0');
INSERT INTO `system_dict_data` (`id`, `sort`, `label`, `value`, `dict_type`, `status`, `color_type`, `css_class`, `remark`, `creator`, `create_time`, `updater`, `update_time`, `deleted`) VALUES (1480, 2, '微信余额', '2', 'pay_transfer_type', 0, 'info', '', '', '1', '2023-10-28 16:28:07', '1', '2023-10-28 16:28:07', b'0');
INSERT INTO `system_dict_data` (`id`, `sort`, `label`, `value`, `dict_type`, `status`, `color_type`, `css_class`, `remark`, `creator`, `create_time`, `updater`, `update_time`, `deleted`) VALUES (1481, 1, '支付宝余额', '1', 'pay_transfer_type', 0, 'default', '', '', '1', '2023-10-28 16:27:44', '1', '2023-10-28 16:27:44', b'0');
INSERT INTO `system_dict_data` (`id`, `sort`, `label`, `value`, `dict_type`, `status`, `color_type`, `css_class`, `remark`, `creator`, `create_time`, `updater`, `update_time`, `deleted`) VALUES (1482, 4, '转账失败', '30', 'pay_transfer_status', 0, 'warning', '', '', '1', '2023-10-28 16:24:16', '1', '2023-10-28 16:24:16', b'0');
INSERT INTO `system_dict_data` (`id`, `sort`, `label`, `value`, `dict_type`, `status`, `color_type`, `css_class`, `remark`, `creator`, `create_time`, `updater`, `update_time`, `deleted`) VALUES (1483, 3, '转账成功', '20', 'pay_transfer_status', 0, 'success', '', '', '1', '2023-10-28 16:23:50', '1', '2023-10-28 16:23:50', b'0');
INSERT INTO `system_dict_data` (`id`, `sort`, `label`, `value`, `dict_type`, `status`, `color_type`, `css_class`, `remark`, `creator`, `create_time`, `updater`, `update_time`, `deleted`) VALUES (1484, 2, '转账进行中', '10', 'pay_transfer_status', 0, 'info', '', '', '1', '2023-10-28 16:23:12', '1', '2023-10-28 16:23:12', b'0');
INSERT INTO `system_dict_data` (`id`, `sort`, `label`, `value`, `dict_type`, `status`, `color_type`, `css_class`, `remark`, `creator`, `create_time`, `updater`, `update_time`, `deleted`) VALUES (1485, 1, '等待转账', '0', 'pay_transfer_status', 0, 'default', '', '', '1', '2023-10-28 16:21:43', '1', '2023-10-28 16:23:22', b'0');
INSERT INTO `system_dict_data` (`id`, `sort`, `label`, `value`, `dict_type`, `status`, `color_type`, `css_class`, `remark`, `creator`, `create_time`, `updater`, `update_time`, `deleted`) VALUES (1486, 10, '其它入库', '10', 'erp_stock_record_biz_type', 0, '', '', '', '1', '2024-02-05 18:07:25', '1', '2024-02-05 18:07:43', b'0');
INSERT INTO `system_dict_data` (`id`, `sort`, `label`, `value`, `dict_type`, `status`, `color_type`, `css_class`, `remark`, `creator`, `create_time`, `updater`, `update_time`, `deleted`) VALUES (1487, 11, '其它入库（作废）', '11', 'erp_stock_record_biz_type', 0, 'danger', '', '', '1', '2024-02-05 18:08:07', '1', '2024-02-05 19:20:16', b'0');
INSERT INTO `system_dict_data` (`id`, `sort`, `label`, `value`, `dict_type`, `status`, `color_type`, `css_class`, `remark`, `creator`, `create_time`, `updater`, `update_time`, `deleted`) VALUES (1488, 20, '其它出库', '20', 'erp_stock_record_biz_type', 0, '', '', '', '1', '2024-02-05 18:08:51', '1', '2024-02-05 18:08:51', b'0');
INSERT INTO `system_dict_data` (`id`, `sort`, `label`, `value`, `dict_type`, `status`, `color_type`, `css_class`, `remark`, `creator`, `create_time`, `updater`, `update_time`, `deleted`) VALUES (1489, 21, '其它出库（作废）', '21', 'erp_stock_record_biz_type', 0, 'danger', '', '', '1', '2024-02-05 18:09:00', '1', '2024-02-05 19:20:10', b'0');
INSERT INTO `system_dict_data` (`id`, `sort`, `label`, `value`, `dict_type`, `status`, `color_type`, `css_class`, `remark`, `creator`, `create_time`, `updater`, `update_time`, `deleted`) VALUES (1490, 10, '未审核', '10', 'erp_audit_status', 0, 'default', '', '', '1', '2024-02-06 00:00:21', '1', '2024-02-06 00:00:21', b'0');
INSERT INTO `system_dict_data` (`id`, `sort`, `label`, `value`, `dict_type`, `status`, `color_type`, `css_class`, `remark`, `creator`, `create_time`, `updater`, `update_time`, `deleted`) VALUES (1491, 20, '已审核', '20', 'erp_audit_status', 0, 'success', '', '', '1', '2024-02-06 00:00:35', '1', '2024-02-06 00:00:35', b'0');
INSERT INTO `system_dict_data` (`id`, `sort`, `label`, `value`, `dict_type`, `status`, `color_type`, `css_class`, `remark`, `creator`, `create_time`, `updater`, `update_time`, `deleted`) VALUES (1492, 30, '调拨入库', '30', 'erp_stock_record_biz_type', 0, '', '', '', '1', '2024-02-07 20:34:19', '1', '2024-02-07 12:36:31', b'0');
INSERT INTO `system_dict_data` (`id`, `sort`, `label`, `value`, `dict_type`, `status`, `color_type`, `css_class`, `remark`, `creator`, `create_time`, `updater`, `update_time`, `deleted`) VALUES (1493, 31, '调拨入库（作废）', '31', 'erp_stock_record_biz_type', 0, 'danger', '', '', '1', '2024-02-07 20:34:29', '1', '2024-02-07 20:37:11', b'0');
INSERT INTO `system_dict_data` (`id`, `sort`, `label`, `value`, `dict_type`, `status`, `color_type`, `css_class`, `remark`, `creator`, `create_time`, `updater`, `update_time`, `deleted`) VALUES (1494, 32, '调拨出库', '32', 'erp_stock_record_biz_type', 0, '', '', '', '1', '2024-02-07 20:34:38', '1', '2024-02-07 12:36:33', b'0');
INSERT INTO `system_dict_data` (`id`, `sort`, `label`, `value`, `dict_type`, `status`, `color_type`, `css_class`, `remark`, `creator`, `create_time`, `updater`, `update_time`, `deleted`) VALUES (1495, 33, '调拨出库（作废）', '33', 'erp_stock_record_biz_type', 0, 'danger', '', '', '1', '2024-02-07 20:34:49', '1', '2024-02-07 20:37:06', b'0');
INSERT INTO `system_dict_data` (`id`, `sort`, `label`, `value`, `dict_type`, `status`, `color_type`, `css_class`, `remark`, `creator`, `create_time`, `updater`, `update_time`, `deleted`) VALUES (1496, 40, '盘盈入库', '40', 'erp_stock_record_biz_type', 0, '', '', '', '1', '2024-02-08 08:53:00', '1', '2024-02-08 08:53:09', b'0');
INSERT INTO `system_dict_data` (`id`, `sort`, `label`, `value`, `dict_type`, `status`, `color_type`, `css_class`, `remark`, `creator`, `create_time`, `updater`, `update_time`, `deleted`) VALUES (1497, 41, '盘盈入库（作废）', '41', 'erp_stock_record_biz_type', 0, 'danger', '', '', '1', '2024-02-08 08:53:39', '1', '2024-02-16 19:40:54', b'0');
INSERT INTO `system_dict_data` (`id`, `sort`, `label`, `value`, `dict_type`, `status`, `color_type`, `css_class`, `remark`, `creator`, `create_time`, `updater`, `update_time`, `deleted`) VALUES (1498, 42, '盘亏出库', '42', 'erp_stock_record_biz_type', 0, '', '', '', '1', '2024-02-08 08:54:16', '1', '2024-02-08 08:54:16', b'0');
INSERT INTO `system_dict_data` (`id`, `sort`, `label`, `value`, `dict_type`, `status`, `color_type`, `css_class`, `remark`, `creator`, `create_time`, `updater`, `update_time`, `deleted`) VALUES (1499, 43, '盘亏出库（作废）', '43', 'erp_stock_record_biz_type', 0, 'danger', '', '', '1', '2024-02-08 08:54:31', '1', '2024-02-16 19:40:46', b'0');
INSERT INTO `system_dict_data` (`id`, `sort`, `label`, `value`, `dict_type`, `status`, `color_type`, `css_class`, `remark`, `creator`, `create_time`, `updater`, `update_time`, `deleted`) VALUES (1500, 50, '销售出库', '50', 'erp_stock_record_biz_type', 0, '', '', '', '1', '2024-02-11 21:47:25', '1', '2024-02-11 21:50:40', b'0');
INSERT INTO `system_dict_data` (`id`, `sort`, `label`, `value`, `dict_type`, `status`, `color_type`, `css_class`, `remark`, `creator`, `create_time`, `updater`, `update_time`, `deleted`) VALUES (1501, 51, '销售出库（作废）', '51', 'erp_stock_record_biz_type', 0, 'danger', '', '', '1', '2024-02-11 21:47:37', '1', '2024-02-11 21:51:12', b'0');
INSERT INTO `system_dict_data` (`id`, `sort`, `label`, `value`, `dict_type`, `status`, `color_type`, `css_class`, `remark`, `creator`, `create_time`, `updater`, `update_time`, `deleted`) VALUES (1502, 60, '销售退货入库', '60', 'erp_stock_record_biz_type', 0, '', '', '', '1', '2024-02-12 06:51:05', '1', '2024-02-12 06:51:05', b'0');
INSERT INTO `system_dict_data` (`id`, `sort`, `label`, `value`, `dict_type`, `status`, `color_type`, `css_class`, `remark`, `creator`, `create_time`, `updater`, `update_time`, `deleted`) VALUES (1503, 61, '销售退货入库（作废）', '61', 'erp_stock_record_biz_type', 0, 'danger', '', '', '1', '2024-02-12 06:51:18', '1', '2024-02-12 06:51:18', b'0');
INSERT INTO `system_dict_data` (`id`, `sort`, `label`, `value`, `dict_type`, `status`, `color_type`, `css_class`, `remark`, `creator`, `create_time`, `updater`, `update_time`, `deleted`) VALUES (1504, 70, '采购入库', '70', 'erp_stock_record_biz_type', 0, '', '', '', '1', '2024-02-16 13:10:02', '1', '2024-02-16 13:10:02', b'0');
INSERT INTO `system_dict_data` (`id`, `sort`, `label`, `value`, `dict_type`, `status`, `color_type`, `css_class`, `remark`, `creator`, `create_time`, `updater`, `update_time`, `deleted`) VALUES (1505, 71, '采购入库（作废）', '71', 'erp_stock_record_biz_type', 0, 'danger', '', '', '1', '2024-02-16 13:10:10', '1', '2024-02-16 19:40:40', b'0');
INSERT INTO `system_dict_data` (`id`, `sort`, `label`, `value`, `dict_type`, `status`, `color_type`, `css_class`, `remark`, `creator`, `create_time`, `updater`, `update_time`, `deleted`) VALUES (1506, 80, '采购退货出库', '80', 'erp_stock_record_biz_type', 0, '', '', '', '1', '2024-02-16 13:10:17', '1', '2024-02-16 13:10:17', b'0');
INSERT INTO `system_dict_data` (`id`, `sort`, `label`, `value`, `dict_type`, `status`, `color_type`, `css_class`, `remark`, `creator`, `create_time`, `updater`, `update_time`, `deleted`) VALUES (1507, 81, '采购退货出库（作废）', '81', 'erp_stock_record_biz_type', 0, 'danger', '', '', '1', '2024-02-16 13:10:26', '1', '2024-02-16 19:40:33', b'0');
INSERT INTO `system_dict_data` (`id`, `sort`, `label`, `value`, `dict_type`, `status`, `color_type`, `css_class`, `remark`, `creator`, `create_time`, `updater`, `update_time`, `deleted`) VALUES (1509, 3, '审批不通过', '3', 'bpm_process_instance_status', 0, 'danger', '', '', '1', '2024-03-16 16:12:06', '1', '2024-03-16 16:12:06', b'0');
INSERT INTO `system_dict_data` (`id`, `sort`, `label`, `value`, `dict_type`, `status`, `color_type`, `css_class`, `remark`, `creator`, `create_time`, `updater`, `update_time`, `deleted`) VALUES (1510, 4, '已取消', '4', 'bpm_process_instance_status', 0, 'warning', '', '', '1', '2024-03-16 16:12:22', '1', '2024-03-16 16:12:22', b'0');
INSERT INTO `system_dict_data` (`id`, `sort`, `label`, `value`, `dict_type`, `status`, `color_type`, `css_class`, `remark`, `creator`, `create_time`, `updater`, `update_time`, `deleted`) VALUES (1511, 5, '已退回', '5', 'bpm_task_status', 0, 'warning', '', '', '1', '2024-03-16 19:10:46', '1', '2024-03-08 22:41:40', b'0');
INSERT INTO `system_dict_data` (`id`, `sort`, `label`, `value`, `dict_type`, `status`, `color_type`, `css_class`, `remark`, `creator`, `create_time`, `updater`, `update_time`, `deleted`) VALUES (1512, 6, '委派中', '6', 'bpm_task_status', 0, 'primary', '', '', '1', '2024-03-17 10:06:22', '1', '2024-03-08 22:41:40', b'0');
INSERT INTO `system_dict_data` (`id`, `sort`, `label`, `value`, `dict_type`, `status`, `color_type`, `css_class`, `remark`, `creator`, `create_time`, `updater`, `update_time`, `deleted`) VALUES (1513, 7, '审批通过中', '7', 'bpm_task_status', 0, 'success', '', '', '1', '2024-03-17 10:06:47', '1', '2024-03-08 22:41:41', b'0');
INSERT INTO `system_dict_data` (`id`, `sort`, `label`, `value`, `dict_type`, `status`, `color_type`, `css_class`, `remark`, `creator`, `create_time`, `updater`, `update_time`, `deleted`) VALUES (1514, 0, '待审批', '0', 'bpm_task_status', 0, 'info', '', '', '1', '2024-03-17 10:07:11', '1', '2024-03-08 22:41:42', b'0');
INSERT INTO `system_dict_data` (`id`, `sort`, `label`, `value`, `dict_type`, `status`, `color_type`, `css_class`, `remark`, `creator`, `create_time`, `updater`, `update_time`, `deleted`) VALUES (1515, 35, '发起人自选', '35', 'bpm_task_candidate_strategy', 0, '', '', '', '1', '2024-03-22 19:45:16', '1', '2024-03-22 19:45:16', b'0');
INSERT INTO `system_dict_data` (`id`, `sort`, `label`, `value`, `dict_type`, `status`, `color_type`, `css_class`, `remark`, `creator`, `create_time`, `updater`, `update_time`, `deleted`) VALUES (1516, 1, '执行监听器', 'execution', 'bpm_process_listener_type', 0, 'primary', '', '', '1', '2024-03-23 12:54:03', '1', '2024-03-23 19:14:19', b'0');
INSERT INTO `system_dict_data` (`id`, `sort`, `label`, `value`, `dict_type`, `status`, `color_type`, `css_class`, `remark`, `creator`, `create_time`, `updater`, `update_time`, `deleted`) VALUES (1517, 1, '任务监听器', 'task', 'bpm_process_listener_type', 0, 'success', '', '', '1', '2024-03-23 12:54:13', '1', '2024-03-23 19:14:24', b'0');
INSERT INTO `system_dict_data` (`id`, `sort`, `label`, `value`, `dict_type`, `status`, `color_type`, `css_class`, `remark`, `creator`, `create_time`, `updater`, `update_time`, `deleted`) VALUES (1526, 1, 'Java 类', 'class', 'bpm_process_listener_value_type', 0, 'primary', '', '', '1', '2024-03-23 15:08:45', '1', '2024-03-23 19:14:32', b'0');
INSERT INTO `system_dict_data` (`id`, `sort`, `label`, `value`, `dict_type`, `status`, `color_type`, `css_class`, `remark`, `creator`, `create_time`, `updater`, `update_time`, `deleted`) VALUES (1527, 2, '表达式', 'expression', 'bpm_process_listener_value_type', 0, 'success', '', '', '1', '2024-03-23 15:09:06', '1', '2024-03-23 19:14:38', b'0');
INSERT INTO `system_dict_data` (`id`, `sort`, `label`, `value`, `dict_type`, `status`, `color_type`, `css_class`, `remark`, `creator`, `create_time`, `updater`, `update_time`, `deleted`) VALUES (1528, 3, '代理表达式', 'delegateExpression', 'bpm_process_listener_value_type', 0, 'info', '', '', '1', '2024-03-23 15:11:23', '1', '2024-03-23 19:14:41', b'0');
INSERT INTO `system_dict_data` (`id`, `sort`, `label`, `value`, `dict_type`, `status`, `color_type`, `css_class`, `remark`, `creator`, `create_time`, `updater`, `update_time`, `deleted`) VALUES (1529, 1, '天', '1', 'date_interval', 0, '', '', '', '1', '2024-03-29 22:50:26', '1', '2024-03-29 22:50:26', b'0');
INSERT INTO `system_dict_data` (`id`, `sort`, `label`, `value`, `dict_type`, `status`, `color_type`, `css_class`, `remark`, `creator`, `create_time`, `updater`, `update_time`, `deleted`) VALUES (1530, 2, '周', '2', 'date_interval', 0, '', '', '', '1', '2024-03-29 22:50:36', '1', '2024-03-29 22:50:36', b'0');
INSERT INTO `system_dict_data` (`id`, `sort`, `label`, `value`, `dict_type`, `status`, `color_type`, `css_class`, `remark`, `creator`, `create_time`, `updater`, `update_time`, `deleted`) VALUES (1531, 3, '月', '3', 'date_interval', 0, '', '', '', '1', '2024-03-29 22:50:46', '1', '2024-03-29 22:50:54', b'0');
INSERT INTO `system_dict_data` (`id`, `sort`, `label`, `value`, `dict_type`, `status`, `color_type`, `css_class`, `remark`, `creator`, `create_time`, `updater`, `update_time`, `deleted`) VALUES (1532, 4, '季度', '4', 'date_interval', 0, '', '', '', '1', '2024-03-29 22:51:01', '1', '2024-03-29 22:51:01', b'0');
INSERT INTO `system_dict_data` (`id`, `sort`, `label`, `value`, `dict_type`, `status`, `color_type`, `css_class`, `remark`, `creator`, `create_time`, `updater`, `update_time`, `deleted`) VALUES (1533, 5, '年', '5', 'date_interval', 0, '', '', '', '1', '2024-03-29 22:51:07', '1', '2024-03-29 22:51:07', b'0');
COMMIT;



SET FOREIGN_KEY_CHECKS = 1;

