CREATE USER 'ry_keer'@'%' IDENTIFIED BY '123456';
CREATE DATABASE ry_keer DEFAULT CHARACTER SET utf8mb4 COLLATE utf8mb4_general_ci;
GRANT ALL ON ry_keer.* to 'ry_keer'@'%';
FLUSH PRIVILEGES;

SHOW GRANTS FOR 'ry_keer'@'%';
-- ----------------------------
-- Table structure for system_login_log
-- ----------------------------
DROP TABLE IF EXISTS `system_login_log`;
CREATE TABLE `system_login_log`  (
  `id` bigint NOT NULL AUTO_INCREMENT COMMENT '访问ID',
  `log_type` bigint NOT NULL COMMENT '日志类型',
  `trace_id` varchar(64) CHARACTER SET utf8mb4 COLLATE utf8mb4_unicode_ci NOT NULL DEFAULT '' COMMENT '链路追踪编号',
  `user_id` bigint NOT NULL DEFAULT 0 COMMENT '用户编号',
  `user_type` tinyint NOT NULL DEFAULT 0 COMMENT '用户类型',
  `username` varchar(50) CHARACTER SET utf8mb4 COLLATE utf8mb4_unicode_ci NOT NULL DEFAULT '' COMMENT '用户账号',
  `result` tinyint NOT NULL COMMENT '登陆结果',
  `user_ip` varchar(50) CHARACTER SET utf8mb4 COLLATE utf8mb4_unicode_ci NOT NULL COMMENT '用户 IP',
  `user_agent` varchar(512) CHARACTER SET utf8mb4 COLLATE utf8mb4_unicode_ci NOT NULL COMMENT '浏览器 UA',
  `creator` varchar(64) CHARACTER SET utf8mb4 COLLATE utf8mb4_unicode_ci NULL DEFAULT '' COMMENT '创建者',
  `create_time` datetime NOT NULL DEFAULT CURRENT_TIMESTAMP COMMENT '创建时间',
  `updater` varchar(64) CHARACTER SET utf8mb4 COLLATE utf8mb4_unicode_ci NULL DEFAULT '' COMMENT '更新者',
  `update_time` datetime NOT NULL DEFAULT CURRENT_TIMESTAMP ON UPDATE CURRENT_TIMESTAMP COMMENT '更新时间',
  `deleted` bit(1) NOT NULL DEFAULT b'0' COMMENT '是否删除',
  `tenant_id` bigint NOT NULL DEFAULT 0 COMMENT '租户编号',
  PRIMARY KEY (`id`) USING BTREE
) ENGINE = InnoDB AUTO_INCREMENT = 3067 CHARACTER SET = utf8mb4 COLLATE = utf8mb4_unicode_ci COMMENT = '系统访问记录';

-- ----------------------------
-- Records of system_login_log
-- ----------------------------
BEGIN;
COMMIT;

-- ----------------------------
-- Table structure for infra_api_access_log
-- ----------------------------
DROP TABLE IF EXISTS `infra_api_access_log`;
CREATE TABLE `infra_api_access_log`  (
  `id` bigint NOT NULL AUTO_INCREMENT COMMENT '日志主键',
  `trace_id` varchar(64) CHARACTER SET utf8mb4 COLLATE utf8mb4_unicode_ci NOT NULL DEFAULT '' COMMENT '链路追踪编号',
  `user_id` bigint NOT NULL DEFAULT 0 COMMENT '用户编号',
  `user_type` tinyint NOT NULL DEFAULT 0 COMMENT '用户类型',
  `application_name` varchar(50) CHARACTER SET utf8mb4 COLLATE utf8mb4_unicode_ci NOT NULL COMMENT '应用名',
  `request_method` varchar(16) CHARACTER SET utf8mb4 COLLATE utf8mb4_unicode_ci NOT NULL DEFAULT '' COMMENT '请求方法名',
  `request_url` varchar(255) CHARACTER SET utf8mb4 COLLATE utf8mb4_unicode_ci NOT NULL DEFAULT '' COMMENT '请求地址',
  `request_params` text CHARACTER SET utf8mb4 COLLATE utf8mb4_unicode_ci NULL COMMENT '请求参数',
  `response_body` text CHARACTER SET utf8mb4 COLLATE utf8mb4_unicode_ci NULL COMMENT '响应结果',
  `user_ip` varchar(50) CHARACTER SET utf8mb4 COLLATE utf8mb4_unicode_ci NOT NULL COMMENT '用户 IP',
  `user_agent` varchar(512) CHARACTER SET utf8mb4 COLLATE utf8mb4_unicode_ci NOT NULL COMMENT '浏览器 UA',
  `operate_module` varchar(50) CHARACTER SET utf8mb4 COLLATE utf8mb4_unicode_ci NULL DEFAULT NULL COMMENT '操作模块',
  `operate_name` varchar(50) CHARACTER SET utf8mb4 COLLATE utf8mb4_unicode_ci NULL DEFAULT NULL COMMENT '操作名',
  `operate_type` tinyint NULL DEFAULT 0 COMMENT '操作分类',
  `begin_time` datetime NOT NULL COMMENT '开始请求时间',
  `end_time` datetime NOT NULL COMMENT '结束请求时间',
  `duration` int NOT NULL COMMENT '执行时长',
  `result_code` int NOT NULL DEFAULT 0 COMMENT '结果码',
  `result_msg` varchar(512) CHARACTER SET utf8mb4 COLLATE utf8mb4_unicode_ci NULL DEFAULT '' COMMENT '结果提示',
  `creator` varchar(64) CHARACTER SET utf8mb4 COLLATE utf8mb4_unicode_ci NULL DEFAULT '' COMMENT '创建者',
  `create_time` datetime NOT NULL DEFAULT CURRENT_TIMESTAMP COMMENT '创建时间',
  `updater` varchar(64) CHARACTER SET utf8mb4 COLLATE utf8mb4_unicode_ci NULL DEFAULT '' COMMENT '更新者',
  `update_time` datetime NOT NULL DEFAULT CURRENT_TIMESTAMP ON UPDATE CURRENT_TIMESTAMP COMMENT '更新时间',
  `deleted` bit(1) NOT NULL DEFAULT b'0' COMMENT '是否删除',
  `tenant_id` bigint NOT NULL DEFAULT 0 COMMENT '租户编号',
  PRIMARY KEY (`id`) USING BTREE,
  INDEX `idx_create_time`(`create_time` ASC) USING BTREE
) ENGINE = InnoDB AUTO_INCREMENT = 35925 CHARACTER SET = utf8mb4 COLLATE = utf8mb4_unicode_ci COMMENT = 'API 访问日志表';

-- ----------------------------
-- Records of infra_api_access_log
-- ----------------------------
BEGIN;
COMMIT;

-- ----------------------------
-- Table structure for infra_api_error_log
-- ----------------------------
DROP TABLE IF EXISTS `infra_api_error_log`;
CREATE TABLE `infra_api_error_log`  (
  `id` bigint NOT NULL AUTO_INCREMENT COMMENT '编号',
  `trace_id` varchar(64) CHARACTER SET utf8mb4 COLLATE utf8mb4_unicode_ci NOT NULL COMMENT '链路追踪编号\n     *\n     * 一般来说，通过链路追踪编号，可以将访问日志，错误日志，链路追踪日志，logger 打印日志等，结合在一起，从而进行排错。',
  `user_id` int NOT NULL DEFAULT 0 COMMENT '用户编号',
  `user_type` tinyint NOT NULL DEFAULT 0 COMMENT '用户类型',
  `application_name` varchar(50) CHARACTER SET utf8mb4 COLLATE utf8mb4_unicode_ci NOT NULL COMMENT '应用名\n     *\n     * 目前读取 spring.application.name',
  `request_method` varchar(16) CHARACTER SET utf8mb4 COLLATE utf8mb4_unicode_ci NOT NULL COMMENT '请求方法名',
  `request_url` varchar(255) CHARACTER SET utf8mb4 COLLATE utf8mb4_unicode_ci NOT NULL COMMENT '请求地址',
  `request_params` varchar(8000) CHARACTER SET utf8mb4 COLLATE utf8mb4_unicode_ci NOT NULL COMMENT '请求参数',
  `user_ip` varchar(50) CHARACTER SET utf8mb4 COLLATE utf8mb4_unicode_ci NOT NULL COMMENT '用户 IP',
  `user_agent` varchar(512) CHARACTER SET utf8mb4 COLLATE utf8mb4_unicode_ci NOT NULL COMMENT '浏览器 UA',
  `exception_time` datetime NOT NULL COMMENT '异常发生时间',
  `exception_name` varchar(128) CHARACTER SET utf8mb4 COLLATE utf8mb4_unicode_ci NOT NULL DEFAULT '' COMMENT '异常名\n     *\n     * {@link Throwable#getClass()} 的类全名',
  `exception_message` text CHARACTER SET utf8mb4 COLLATE utf8mb4_unicode_ci NOT NULL COMMENT '异常导致的消息\n     *\n     * {@link cn.iocoder.common.framework.util.ExceptionUtil#getMessage(Throwable)}',
  `exception_root_cause_message` text CHARACTER SET utf8mb4 COLLATE utf8mb4_unicode_ci NOT NULL COMMENT '异常导致的根消息\n     *\n     * {@link cn.iocoder.common.framework.util.ExceptionUtil#getRootCauseMessage(Throwable)}',
  `exception_stack_trace` text CHARACTER SET utf8mb4 COLLATE utf8mb4_unicode_ci NOT NULL COMMENT '异常的栈轨迹\n     *\n     * {@link cn.iocoder.common.framework.util.ExceptionUtil#getServiceException(Exception)}',
  `exception_class_name` varchar(512) CHARACTER SET utf8mb4 COLLATE utf8mb4_unicode_ci NOT NULL COMMENT '异常发生的类全名\n     *\n     * {@link StackTraceElement#getClassName()}',
  `exception_file_name` varchar(512) CHARACTER SET utf8mb4 COLLATE utf8mb4_unicode_ci NOT NULL COMMENT '异常发生的类文件\n     *\n     * {@link StackTraceElement#getFileName()}',
  `exception_method_name` varchar(512) CHARACTER SET utf8mb4 COLLATE utf8mb4_unicode_ci NOT NULL COMMENT '异常发生的方法名\n     *\n     * {@link StackTraceElement#getMethodName()}',
  `exception_line_number` int NOT NULL COMMENT '异常发生的方法所在行\n     *\n     * {@link StackTraceElement#getLineNumber()}',
  `process_status` tinyint NOT NULL COMMENT '处理状态',
  `process_time` datetime NULL DEFAULT NULL COMMENT '处理时间',
  `process_user_id` int NULL DEFAULT 0 COMMENT '处理用户编号',
  `creator` varchar(64) CHARACTER SET utf8mb4 COLLATE utf8mb4_unicode_ci NULL DEFAULT '' COMMENT '创建者',
  `create_time` datetime NOT NULL DEFAULT CURRENT_TIMESTAMP COMMENT '创建时间',
  `updater` varchar(64) CHARACTER SET utf8mb4 COLLATE utf8mb4_unicode_ci NULL DEFAULT '' COMMENT '更新者',
  `update_time` datetime NOT NULL DEFAULT CURRENT_TIMESTAMP ON UPDATE CURRENT_TIMESTAMP COMMENT '更新时间',
  `deleted` bit(1) NOT NULL DEFAULT b'0' COMMENT '是否删除',
  `tenant_id` bigint NOT NULL DEFAULT 0 COMMENT '租户编号',
  PRIMARY KEY (`id`) USING BTREE
) ENGINE = InnoDB AUTO_INCREMENT = 16462 CHARACTER SET = utf8mb4 COLLATE = utf8mb4_unicode_ci COMMENT = '系统异常日志';

-- ----------------------------
-- Records of infra_api_error_log
-- ----------------------------
BEGIN;
COMMIT;

-- ----------------------------
-- Table structure for system_tenant
-- ----------------------------
DROP TABLE IF EXISTS `system_tenant`;
CREATE TABLE `system_tenant`  (
  `id` bigint NOT NULL AUTO_INCREMENT COMMENT '租户编号',
  `name` varchar(30) CHARACTER SET utf8mb4 COLLATE utf8mb4_unicode_ci NOT NULL COMMENT '租户名',
  `contact_user_id` bigint NULL DEFAULT NULL COMMENT '联系人的用户编号',
  `contact_name` varchar(30) CHARACTER SET utf8mb4 COLLATE utf8mb4_unicode_ci NOT NULL COMMENT '联系人',
  `contact_mobile` varchar(500) CHARACTER SET utf8mb4 COLLATE utf8mb4_unicode_ci NULL DEFAULT NULL COMMENT '联系手机',
  `status` tinyint NOT NULL DEFAULT 0 COMMENT '租户状态（0正常 1停用）',
  `website` varchar(256) CHARACTER SET utf8mb4 COLLATE utf8mb4_unicode_ci NULL DEFAULT '' COMMENT '绑定域名',
  `package_id` bigint NOT NULL COMMENT '租户套餐编号',
  `expire_time` datetime NOT NULL COMMENT '过期时间',
  `account_count` int NOT NULL COMMENT '账号数量',
  `creator` varchar(64) CHARACTER SET utf8mb4 COLLATE utf8mb4_unicode_ci NOT NULL DEFAULT '' COMMENT '创建者',
  `create_time` datetime NOT NULL DEFAULT CURRENT_TIMESTAMP COMMENT '创建时间',
  `updater` varchar(64) CHARACTER SET utf8mb4 COLLATE utf8mb4_unicode_ci NULL DEFAULT '' COMMENT '更新者',
  `update_time` datetime NOT NULL DEFAULT CURRENT_TIMESTAMP ON UPDATE CURRENT_TIMESTAMP COMMENT '更新时间',
  `deleted` bit(1) NOT NULL DEFAULT b'0' COMMENT '是否删除',
  PRIMARY KEY (`id`) USING BTREE
) ENGINE = InnoDB AUTO_INCREMENT = 155 CHARACTER SET = utf8mb4 COLLATE = utf8mb4_unicode_ci COMMENT = '租户表';

-- ----------------------------
-- Records of system_tenant
-- ----------------------------
BEGIN;
INSERT INTO `system_tenant` (`id`, `name`, `contact_user_id`, `contact_name`, `contact_mobile`, `status`, `website`, `package_id`, `expire_time`, `account_count`, `creator`, `create_time`, `updater`, `update_time`, `deleted`) VALUES (1, '芋道源码', NULL, '芋艿', '17321315478', 0, 'www.iocoder.cn', 0, '2099-02-19 17:14:16', 9999, '1', '2021-01-05 17:03:47', '1', '2023-11-06 11:41:41', b'0');
INSERT INTO `system_tenant` (`id`, `name`, `contact_user_id`, `contact_name`, `contact_mobile`, `status`, `website`, `package_id`, `expire_time`, `account_count`, `creator`, `create_time`, `updater`, `update_time`, `deleted`) VALUES (121, '小租户', 110, '小王2', '15601691300', 0, 'zsxq.iocoder.cn', 111, '2024-03-11 00:00:00', 20, '1', '2022-02-22 00:56:14', '1', '2023-11-06 11:41:47', b'0');
INSERT INTO `system_tenant` (`id`, `name`, `contact_user_id`, `contact_name`, `contact_mobile`, `status`, `website`, `package_id`, `expire_time`, `account_count`, `creator`, `create_time`, `updater`, `update_time`, `deleted`) VALUES (122, '测试租户', 113, '芋道', '15601691300', 0, 'test.iocoder.cn', 111, '2022-04-30 00:00:00', 50, '1', '2022-03-07 21:37:58', '1', '2023-11-06 11:41:53', b'0');
INSERT INTO `system_tenant` (`id`, `name`, `contact_user_id`, `contact_name`, `contact_mobile`, `status`, `website`, `package_id`, `expire_time`, `account_count`, `creator`, `create_time`, `updater`, `update_time`, `deleted`) VALUES (151, '大租户', 126, '土豆大', NULL, 0, 'https://tudou.iocoder.cn', 111, '2023-12-08 00:00:00', 10, '1', '2023-12-02 23:35:05', '1', '2023-12-08 23:39:56', b'0');
INSERT INTO `system_tenant` (`id`, `name`, `contact_user_id`, `contact_name`, `contact_mobile`, `status`, `website`, `package_id`, `expire_time`, `account_count`, `creator`, `create_time`, `updater`, `update_time`, `deleted`) VALUES (152, '新租户', 127, '土豆', NULL, 0, 'http://xx.iocoder.cn', 111, '2025-12-31 00:00:00', 50, '1', '2023-12-30 11:43:17', '1', '2023-12-30 11:43:17', b'0');
INSERT INTO `system_tenant` (`id`, `name`, `contact_user_id`, `contact_name`, `contact_mobile`, `status`, `website`, `package_id`, `expire_time`, `account_count`, `creator`, `create_time`, `updater`, `update_time`, `deleted`) VALUES (153, '小明的租户', 128, 'xiaoming', '15601691301', 0, 'xiaoming.iocoder.cn', 111, '2025-12-01 00:00:00', 100, '1', '2024-02-27 21:58:25', '1', '2024-02-28 22:53:54', b'0');
INSERT INTO `system_tenant` (`id`, `name`, `contact_user_id`, `contact_name`, `contact_mobile`, `status`, `website`, `package_id`, `expire_time`, `account_count`, `creator`, `create_time`, `updater`, `update_time`, `deleted`) VALUES (154, 'hh', 129, 'hh', NULL, 0, 'http://hh.iocoder.cn', 111, '2024-04-30 00:00:00', 123, '1', '2024-03-30 17:52:59', '1', '2024-04-03 15:06:42', b'0');
COMMIT;

-- ----------------------------
-- Table structure for system_users
-- ----------------------------
DROP TABLE IF EXISTS `system_users`;
CREATE TABLE `system_users`  (
  `id` bigint NOT NULL AUTO_INCREMENT COMMENT '用户ID',
  `username` varchar(30) CHARACTER SET utf8mb4 COLLATE utf8mb4_unicode_ci NOT NULL COMMENT '用户账号',
  `password` varchar(100) CHARACTER SET utf8mb4 COLLATE utf8mb4_unicode_ci NOT NULL DEFAULT '' COMMENT '密码',
  `nickname` varchar(30) CHARACTER SET utf8mb4 COLLATE utf8mb4_unicode_ci NOT NULL COMMENT '用户昵称',
  `remark` varchar(500) CHARACTER SET utf8mb4 COLLATE utf8mb4_unicode_ci NULL DEFAULT NULL COMMENT '备注',
  `dept_id` bigint NULL DEFAULT NULL COMMENT '部门ID',
  `post_ids` varchar(255) CHARACTER SET utf8mb4 COLLATE utf8mb4_unicode_ci NULL DEFAULT NULL COMMENT '岗位编号数组',
  `email` varchar(50) CHARACTER SET utf8mb4 COLLATE utf8mb4_unicode_ci NULL DEFAULT '' COMMENT '用户邮箱',
  `mobile` varchar(11) CHARACTER SET utf8mb4 COLLATE utf8mb4_unicode_ci NULL DEFAULT '' COMMENT '手机号码',
  `sex` tinyint NULL DEFAULT 0 COMMENT '用户性别',
  `avatar` varchar(512) CHARACTER SET utf8mb4 COLLATE utf8mb4_unicode_ci NULL DEFAULT '' COMMENT '头像地址',
  `status` tinyint NOT NULL DEFAULT 0 COMMENT '帐号状态（0正常 1停用）',
  `login_ip` varchar(50) CHARACTER SET utf8mb4 COLLATE utf8mb4_unicode_ci NULL DEFAULT '' COMMENT '最后登录IP',
  `login_date` datetime NULL DEFAULT NULL COMMENT '最后登录时间',
  `creator` varchar(64) CHARACTER SET utf8mb4 COLLATE utf8mb4_unicode_ci NULL DEFAULT '' COMMENT '创建者',
  `create_time` datetime NOT NULL DEFAULT CURRENT_TIMESTAMP COMMENT '创建时间',
  `updater` varchar(64) CHARACTER SET utf8mb4 COLLATE utf8mb4_unicode_ci NULL DEFAULT '' COMMENT '更新者',
  `update_time` datetime NOT NULL DEFAULT CURRENT_TIMESTAMP ON UPDATE CURRENT_TIMESTAMP COMMENT '更新时间',
  `deleted` bit(1) NOT NULL DEFAULT b'0' COMMENT '是否删除',
  `tenant_id` bigint NOT NULL DEFAULT 0 COMMENT '租户编号',
  PRIMARY KEY (`id`) USING BTREE,
  UNIQUE INDEX `idx_username`(`username` ASC, `update_time` ASC, `tenant_id` ASC) USING BTREE
) ENGINE = InnoDB AUTO_INCREMENT = 130 CHARACTER SET = utf8mb4 COLLATE = utf8mb4_unicode_ci COMMENT = '用户信息表';

-- ----------------------------
-- Records of system_users
-- ----------------------------
BEGIN;
INSERT INTO `system_users` (`id`, `username`, `password`, `nickname`, `remark`, `dept_id`, `post_ids`, `email`, `mobile`, `sex`, `avatar`, `status`, `login_ip`, `login_date`, `creator`, `create_time`, `updater`, `update_time`, `deleted`, `tenant_id`) VALUES (1, 'admin', '$2a$10$mRMIYLDtRHlf6.9ipiqH1.Z.bh/R9dO9d5iHiGYPigi6r5KOoR2Wm', '芋道源码', '管理员', 103, '[1]', 'aoteman@126.com', '18818260277', 2, 'http://test.yudao.iocoder.cn/96c787a2ce88bf6d0ce3cd8b6cf5314e80e7703cd41bf4af8cd2e2909dbd6b6d.png', 0, '127.0.0.1', '2024-04-03 20:01:18', 'admin', '2021-01-05 17:03:47', NULL, '2024-04-03 20:01:18', b'0', 1);
INSERT INTO `system_users` (`id`, `username`, `password`, `nickname`, `remark`, `dept_id`, `post_ids`, `email`, `mobile`, `sex`, `avatar`, `status`, `login_ip`, `login_date`, `creator`, `create_time`, `updater`, `update_time`, `deleted`, `tenant_id`) VALUES (100, 'yudao', '$2a$10$11U48RhyJ5pSBYWSn12AD./ld671.ycSzJHbyrtpeoMeYiw31eo8a', '芋道', '不要吓我', 104, '[1]', 'yudao@iocoder.cn', '15601691300', 1, '', 1, '127.0.0.1', '2022-07-09 23:03:33', '', '2021-01-07 09:07:17', NULL, '2022-07-09 23:03:33', b'0', 1);
INSERT INTO `system_users` (`id`, `username`, `password`, `nickname`, `remark`, `dept_id`, `post_ids`, `email`, `mobile`, `sex`, `avatar`, `status`, `login_ip`, `login_date`, `creator`, `create_time`, `updater`, `update_time`, `deleted`, `tenant_id`) VALUES (103, 'yuanma', '$2a$10$YMpimV4T6BtDhIaA8jSW.u8UTGBeGhc/qwXP4oxoMr4mOw9.qttt6', '源码', NULL, 106, NULL, 'yuanma@iocoder.cn', '15601701300', 0, '', 0, '0:0:0:0:0:0:0:1', '2024-03-18 21:09:04', '', '2021-01-13 23:50:35', NULL, '2024-03-18 21:09:04', b'0', 1);
INSERT INTO `system_users` (`id`, `username`, `password`, `nickname`, `remark`, `dept_id`, `post_ids`, `email`, `mobile`, `sex`, `avatar`, `status`, `login_ip`, `login_date`, `creator`, `create_time`, `updater`, `update_time`, `deleted`, `tenant_id`) VALUES (104, 'test', '$2a$04$KhExCYl7lx6eWWZYKsibKOZ8IBJRyuNuCcEOLQ11RYhJKgHmlSwK.', '测试号', NULL, 107, '[1,2]', '111@qq.com', '15601691200', 1, '', 0, '0:0:0:0:0:0:0:1', '2024-03-26 07:11:35', '', '2021-01-21 02:13:53', NULL, '2024-03-26 07:11:35', b'0', 1);
INSERT INTO `system_users` (`id`, `username`, `password`, `nickname`, `remark`, `dept_id`, `post_ids`, `email`, `mobile`, `sex`, `avatar`, `status`, `login_ip`, `login_date`, `creator`, `create_time`, `updater`, `update_time`, `deleted`, `tenant_id`) VALUES (107, 'admin107', '$2a$10$dYOOBKMO93v/.ReCqzyFg.o67Tqk.bbc2bhrpyBGkIw9aypCtr2pm', '芋艿', NULL, NULL, NULL, '', '15601691300', 0, '', 0, '', NULL, '1', '2022-02-20 22:59:33', '1', '2022-02-27 08:26:51', b'0', 118);
INSERT INTO `system_users` (`id`, `username`, `password`, `nickname`, `remark`, `dept_id`, `post_ids`, `email`, `mobile`, `sex`, `avatar`, `status`, `login_ip`, `login_date`, `creator`, `create_time`, `updater`, `update_time`, `deleted`, `tenant_id`) VALUES (108, 'admin108', '$2a$10$y6mfvKoNYL1GXWak8nYwVOH.kCWqjactkzdoIDgiKl93WN3Ejg.Lu', '芋艿', NULL, NULL, NULL, '', '15601691300', 0, '', 0, '', NULL, '1', '2022-02-20 23:00:50', '1', '2022-02-27 08:26:53', b'0', 119);
INSERT INTO `system_users` (`id`, `username`, `password`, `nickname`, `remark`, `dept_id`, `post_ids`, `email`, `mobile`, `sex`, `avatar`, `status`, `login_ip`, `login_date`, `creator`, `create_time`, `updater`, `update_time`, `deleted`, `tenant_id`) VALUES (109, 'admin109', '$2a$10$JAqvH0tEc0I7dfDVBI7zyuB4E3j.uH6daIjV53.vUS6PknFkDJkuK', '芋艿', NULL, NULL, NULL, '', '15601691300', 0, '', 0, '', NULL, '1', '2022-02-20 23:11:50', '1', '2022-02-27 08:26:56', b'0', 120);
INSERT INTO `system_users` (`id`, `username`, `password`, `nickname`, `remark`, `dept_id`, `post_ids`, `email`, `mobile`, `sex`, `avatar`, `status`, `login_ip`, `login_date`, `creator`, `create_time`, `updater`, `update_time`, `deleted`, `tenant_id`) VALUES (110, 'admin110', '$2a$10$mRMIYLDtRHlf6.9ipiqH1.Z.bh/R9dO9d5iHiGYPigi6r5KOoR2Wm', '小王', NULL, NULL, NULL, '', '15601691300', 0, '', 0, '127.0.0.1', '2022-09-25 22:47:33', '1', '2022-02-22 00:56:14', NULL, '2022-09-25 22:47:33', b'0', 121);
INSERT INTO `system_users` (`id`, `username`, `password`, `nickname`, `remark`, `dept_id`, `post_ids`, `email`, `mobile`, `sex`, `avatar`, `status`, `login_ip`, `login_date`, `creator`, `create_time`, `updater`, `update_time`, `deleted`, `tenant_id`) VALUES (111, 'test', '$2a$10$mRMIYLDtRHlf6.9ipiqH1.Z.bh/R9dO9d5iHiGYPigi6r5KOoR2Wm', '测试用户', NULL, NULL, '[]', '', '', 0, '', 0, '0:0:0:0:0:0:0:1', '2023-12-30 11:42:17', '110', '2022-02-23 13:14:33', NULL, '2023-12-30 11:42:17', b'0', 121);
INSERT INTO `system_users` (`id`, `username`, `password`, `nickname`, `remark`, `dept_id`, `post_ids`, `email`, `mobile`, `sex`, `avatar`, `status`, `login_ip`, `login_date`, `creator`, `create_time`, `updater`, `update_time`, `deleted`, `tenant_id`) VALUES (112, 'newobject', '$2a$04$dB0z8Q819fJWz0hbaLe6B.VfHCjYgWx6LFfET5lyz3JwcqlyCkQ4C', '新对象', NULL, 100, '[]', '', '15601691235', 1, '', 0, '0:0:0:0:0:0:0:1', '2024-03-16 23:11:38', '1', '2022-02-23 19:08:03', NULL, '2024-03-16 23:11:38', b'0', 1);
INSERT INTO `system_users` (`id`, `username`, `password`, `nickname`, `remark`, `dept_id`, `post_ids`, `email`, `mobile`, `sex`, `avatar`, `status`, `login_ip`, `login_date`, `creator`, `create_time`, `updater`, `update_time`, `deleted`, `tenant_id`) VALUES (113, 'aoteman', '$2a$10$0acJOIk2D25/oC87nyclE..0lzeu9DtQ/n3geP4fkun/zIVRhHJIO', '芋道', NULL, NULL, NULL, '', '15601691300', 0, '', 0, '127.0.0.1', '2022-03-19 18:38:51', '1', '2022-03-07 21:37:58', NULL, '2022-03-19 18:38:51', b'0', 122);
INSERT INTO `system_users` (`id`, `username`, `password`, `nickname`, `remark`, `dept_id`, `post_ids`, `email`, `mobile`, `sex`, `avatar`, `status`, `login_ip`, `login_date`, `creator`, `create_time`, `updater`, `update_time`, `deleted`, `tenant_id`) VALUES (114, 'hrmgr', '$2a$10$TR4eybBioGRhBmDBWkqWLO6NIh3mzYa8KBKDDB5woiGYFVlRAi.fu', 'hr 小姐姐', NULL, NULL, '[5]', '', '15601691236', 1, '', 0, '0:0:0:0:0:0:0:1', '2024-03-24 22:21:05', '1', '2022-03-19 21:50:58', NULL, '2024-03-24 22:21:05', b'0', 1);
INSERT INTO `system_users` (`id`, `username`, `password`, `nickname`, `remark`, `dept_id`, `post_ids`, `email`, `mobile`, `sex`, `avatar`, `status`, `login_ip`, `login_date`, `creator`, `create_time`, `updater`, `update_time`, `deleted`, `tenant_id`) VALUES (115, 'aotemane', '$2a$10$/WCwGHu1eq0wOVDd/u8HweJ0gJCHyLS6T7ndCqI8UXZAQom1etk2e', '1', '11', 101, '[]', '', '15601691238', 1, '', 0, '', NULL, '1', '2022-04-30 02:55:43', '1', '2024-03-15 19:48:22', b'0', 1);
INSERT INTO `system_users` (`id`, `username`, `password`, `nickname`, `remark`, `dept_id`, `post_ids`, `email`, `mobile`, `sex`, `avatar`, `status`, `login_ip`, `login_date`, `creator`, `create_time`, `updater`, `update_time`, `deleted`, `tenant_id`) VALUES (116, '15601691302', '$2a$10$L5C4S0U6adBWMvFv1Wwl4.DI/NwYS3WIfLj5Q.Naqr5II8CmqsDZ6', '小豆', NULL, NULL, NULL, '', '', 0, '', 0, '', NULL, '1', '2022-05-17 10:07:10', '1', '2022-05-17 10:07:10', b'0', 124);
INSERT INTO `system_users` (`id`, `username`, `password`, `nickname`, `remark`, `dept_id`, `post_ids`, `email`, `mobile`, `sex`, `avatar`, `status`, `login_ip`, `login_date`, `creator`, `create_time`, `updater`, `update_time`, `deleted`, `tenant_id`) VALUES (117, 'admin123', '$2a$10$WI8Gg/lpZQIrOEZMHqka7OdFaD4Nx.B/qY8ZGTTUKrOJwaHFqibaC', '测试号', '1111', 100, '[2]', '', '15601691234', 1, '', 0, '', NULL, '1', '2022-07-09 17:40:26', '1', '2022-07-09 17:40:26', b'0', 1);
INSERT INTO `system_users` (`id`, `username`, `password`, `nickname`, `remark`, `dept_id`, `post_ids`, `email`, `mobile`, `sex`, `avatar`, `status`, `login_ip`, `login_date`, `creator`, `create_time`, `updater`, `update_time`, `deleted`, `tenant_id`) VALUES (118, 'goudan', '$2a$04$OB1SuphCdiLVRpiYRKeqH.8NYS7UIp5vmIv1W7U4w6toiFeOAATVK', '狗蛋', NULL, 103, '[1]', '', '15601691239', 2, '', 0, '0:0:0:0:0:0:0:1', '2024-03-17 09:10:27', '1', '2022-07-09 17:44:43', NULL, '2024-03-17 09:10:27', b'0', 1);
INSERT INTO `system_users` (`id`, `username`, `password`, `nickname`, `remark`, `dept_id`, `post_ids`, `email`, `mobile`, `sex`, `avatar`, `status`, `login_ip`, `login_date`, `creator`, `create_time`, `updater`, `update_time`, `deleted`, `tenant_id`) VALUES (126, 'tudou123', '$2a$04$lecJZ/CqgknEp7mDV2d4ou0beyj1GbM3.nVEZe//8WgQpR.JBgnAu', '土豆', NULL, NULL, NULL, '', '', 0, '', 0, '', NULL, '1', '2023-12-02 23:35:05', '1', '2023-12-02 23:35:05', b'0', 151);
INSERT INTO `system_users` (`id`, `username`, `password`, `nickname`, `remark`, `dept_id`, `post_ids`, `email`, `mobile`, `sex`, `avatar`, `status`, `login_ip`, `login_date`, `creator`, `create_time`, `updater`, `update_time`, `deleted`, `tenant_id`) VALUES (127, 'admin2024', '$2a$04$cHdZ7N6AUKysa2XTUG/J/egYtAzdwtpnNpcMVHDrupt1dyn4teOku', '土豆', NULL, NULL, NULL, '', '', 0, '', 0, '0:0:0:0:0:0:0:1', '2023-12-30 11:43:28', '1', '2023-12-30 11:43:17', NULL, '2023-12-30 11:43:28', b'0', 152);
INSERT INTO `system_users` (`id`, `username`, `password`, `nickname`, `remark`, `dept_id`, `post_ids`, `email`, `mobile`, `sex`, `avatar`, `status`, `login_ip`, `login_date`, `creator`, `create_time`, `updater`, `update_time`, `deleted`, `tenant_id`) VALUES (128, 'xiaoming', '$2a$04$BRinw4an9PBGvx6K7GLNre6rWU0.1HMYHkQCN6Oir74zNFKkNKRzm', 'xiaoming', NULL, NULL, NULL, '', '15601691301', 0, '', 0, '0:0:0:0:0:0:0:1', '2024-02-29 23:48:33', '1', '2024-02-27 21:58:25', NULL, '2024-02-29 23:48:33', b'0', 153);
INSERT INTO `system_users` (`id`, `username`, `password`, `nickname`, `remark`, `dept_id`, `post_ids`, `email`, `mobile`, `sex`, `avatar`, `status`, `login_ip`, `login_date`, `creator`, `create_time`, `updater`, `update_time`, `deleted`, `tenant_id`) VALUES (129, 'hh123456', '$2a$04$8mHJM7n03bcNjtaw.IlfV.l38ikWWFJQ7NR1rHywavN7v2UyoDjwq', 'hh', NULL, NULL, NULL, '', '', 0, '', 0, '0:0:0:0:0:0:0:1', '2024-03-30 17:53:24', '1', '2024-03-30 17:52:59', NULL, '2024-03-30 17:53:24', b'0', 154);
COMMIT;

-- ----------------------------
-- Table structure for system_oauth2_access_token
-- ----------------------------
DROP TABLE IF EXISTS `system_oauth2_access_token`;
CREATE TABLE `system_oauth2_access_token`  (
  `id` bigint NOT NULL AUTO_INCREMENT COMMENT '编号',
  `user_id` bigint NOT NULL COMMENT '用户编号',
  `user_type` tinyint NOT NULL COMMENT '用户类型',
  `access_token` varchar(255) CHARACTER SET utf8mb4 COLLATE utf8mb4_unicode_ci NOT NULL COMMENT '访问令牌',
  `refresh_token` varchar(32) CHARACTER SET utf8mb4 COLLATE utf8mb4_unicode_ci NOT NULL COMMENT '刷新令牌',
  `client_id` varchar(255) CHARACTER SET utf8mb4 COLLATE utf8mb4_unicode_ci NOT NULL COMMENT '客户端编号',
  `scopes` varchar(255) CHARACTER SET utf8mb4 COLLATE utf8mb4_unicode_ci NULL DEFAULT NULL COMMENT '授权范围',
  `expires_time` datetime NOT NULL COMMENT '过期时间',
  `creator` varchar(64) CHARACTER SET utf8mb4 COLLATE utf8mb4_unicode_ci NULL DEFAULT '' COMMENT '创建者',
  `create_time` datetime NOT NULL DEFAULT CURRENT_TIMESTAMP COMMENT '创建时间',
  `updater` varchar(64) CHARACTER SET utf8mb4 COLLATE utf8mb4_unicode_ci NULL DEFAULT '' COMMENT '更新者',
  `update_time` datetime NOT NULL DEFAULT CURRENT_TIMESTAMP ON UPDATE CURRENT_TIMESTAMP COMMENT '更新时间',
  `deleted` bit(1) NOT NULL DEFAULT b'0' COMMENT '是否删除',
  `tenant_id` bigint NOT NULL DEFAULT 0 COMMENT '租户编号',
  PRIMARY KEY (`id`) USING BTREE,
  INDEX `idx_access_token`(`access_token` ASC) USING BTREE,
  INDEX `idx_refresh_token`(`refresh_token` ASC) USING BTREE
) ENGINE = InnoDB AUTO_INCREMENT = 6372 CHARACTER SET = utf8mb4 COLLATE = utf8mb4_unicode_ci COMMENT = 'OAuth2 访问令牌';

-- ----------------------------
-- Records of system_oauth2_access_token
-- ----------------------------
BEGIN;
COMMIT;

-- ----------------------------
-- Table structure for system_oauth2_code
-- ----------------------------
DROP TABLE IF EXISTS `system_oauth2_code`;
CREATE TABLE `system_oauth2_code`  (
  `id` bigint NOT NULL AUTO_INCREMENT COMMENT '编号',
  `user_id` bigint NOT NULL COMMENT '用户编号',
  `user_type` tinyint NOT NULL COMMENT '用户类型',
  `code` varchar(32) CHARACTER SET utf8mb4 COLLATE utf8mb4_unicode_ci NOT NULL COMMENT '授权码',
  `client_id` varchar(255) CHARACTER SET utf8mb4 COLLATE utf8mb4_unicode_ci NOT NULL COMMENT '客户端编号',
  `scopes` varchar(255) CHARACTER SET utf8mb4 COLLATE utf8mb4_unicode_ci NULL DEFAULT '' COMMENT '授权范围',
  `expires_time` datetime NOT NULL COMMENT '过期时间',
  `redirect_uri` varchar(255) CHARACTER SET utf8mb4 COLLATE utf8mb4_unicode_ci NULL DEFAULT NULL COMMENT '可重定向的 URI 地址',
  `state` varchar(255) CHARACTER SET utf8mb4 COLLATE utf8mb4_unicode_ci NOT NULL DEFAULT '' COMMENT '状态',
  `creator` varchar(64) CHARACTER SET utf8mb4 COLLATE utf8mb4_unicode_ci NULL DEFAULT '' COMMENT '创建者',
  `create_time` datetime NOT NULL DEFAULT CURRENT_TIMESTAMP COMMENT '创建时间',
  `updater` varchar(64) CHARACTER SET utf8mb4 COLLATE utf8mb4_unicode_ci NULL DEFAULT '' COMMENT '更新者',
  `update_time` datetime NOT NULL DEFAULT CURRENT_TIMESTAMP ON UPDATE CURRENT_TIMESTAMP COMMENT '更新时间',
  `deleted` bit(1) NOT NULL DEFAULT b'0' COMMENT '是否删除',
  `tenant_id` bigint NOT NULL DEFAULT 0 COMMENT '租户编号',
  PRIMARY KEY (`id`) USING BTREE
) ENGINE = InnoDB AUTO_INCREMENT = 147 CHARACTER SET = utf8mb4 COLLATE = utf8mb4_unicode_ci COMMENT = 'OAuth2 授权码表';

-- ----------------------------
-- Records of system_oauth2_code
-- ----------------------------
BEGIN;
COMMIT;

-- ----------------------------
-- Table structure for system_oauth2_refresh_token
-- ----------------------------
DROP TABLE IF EXISTS `system_oauth2_refresh_token`;
CREATE TABLE `system_oauth2_refresh_token`  (
  `id` bigint NOT NULL AUTO_INCREMENT COMMENT '编号',
  `user_id` bigint NOT NULL COMMENT '用户编号',
  `refresh_token` varchar(32) CHARACTER SET utf8mb4 COLLATE utf8mb4_unicode_ci NOT NULL COMMENT '刷新令牌',
  `user_type` tinyint NOT NULL COMMENT '用户类型',
  `client_id` varchar(255) CHARACTER SET utf8mb4 COLLATE utf8mb4_unicode_ci NOT NULL COMMENT '客户端编号',
  `scopes` varchar(255) CHARACTER SET utf8mb4 COLLATE utf8mb4_unicode_ci NULL DEFAULT NULL COMMENT '授权范围',
  `expires_time` datetime NOT NULL COMMENT '过期时间',
  `creator` varchar(64) CHARACTER SET utf8mb4 COLLATE utf8mb4_unicode_ci NULL DEFAULT '' COMMENT '创建者',
  `create_time` datetime NOT NULL DEFAULT CURRENT_TIMESTAMP COMMENT '创建时间',
  `updater` varchar(64) CHARACTER SET utf8mb4 COLLATE utf8mb4_unicode_ci NULL DEFAULT '' COMMENT '更新者',
  `update_time` datetime NOT NULL DEFAULT CURRENT_TIMESTAMP ON UPDATE CURRENT_TIMESTAMP COMMENT '更新时间',
  `deleted` bit(1) NOT NULL DEFAULT b'0' COMMENT '是否删除',
  `tenant_id` bigint NOT NULL DEFAULT 0 COMMENT '租户编号',
  PRIMARY KEY (`id`) USING BTREE
) ENGINE = InnoDB AUTO_INCREMENT = 1442 CHARACTER SET = utf8mb4 COLLATE = utf8mb4_unicode_ci COMMENT = 'OAuth2 刷新令牌';

-- ----------------------------
-- Records of system_oauth2_refresh_token
-- ----------------------------
BEGIN;
COMMIT;



-- ----------------------------
-- Table structure for system_oauth2_client
-- ----------------------------
DROP TABLE IF EXISTS `system_oauth2_client`;
CREATE TABLE `system_oauth2_client`  (
  `id` bigint NOT NULL AUTO_INCREMENT COMMENT '编号',
  `client_id` varchar(255) CHARACTER SET utf8mb4 COLLATE utf8mb4_unicode_ci NOT NULL COMMENT '客户端编号',
  `secret` varchar(255) CHARACTER SET utf8mb4 COLLATE utf8mb4_unicode_ci NOT NULL COMMENT '客户端密钥',
  `name` varchar(255) CHARACTER SET utf8mb4 COLLATE utf8mb4_unicode_ci NOT NULL COMMENT '应用名',
  `logo` varchar(255) CHARACTER SET utf8mb4 COLLATE utf8mb4_unicode_ci NOT NULL COMMENT '应用图标',
  `description` varchar(255) CHARACTER SET utf8mb4 COLLATE utf8mb4_unicode_ci NULL DEFAULT NULL COMMENT '应用描述',
  `status` tinyint NOT NULL COMMENT '状态',
  `access_token_validity_seconds` int NOT NULL COMMENT '访问令牌的有效期',
  `refresh_token_validity_seconds` int NOT NULL COMMENT '刷新令牌的有效期',
  `redirect_uris` varchar(255) CHARACTER SET utf8mb4 COLLATE utf8mb4_unicode_ci NOT NULL COMMENT '可重定向的 URI 地址',
  `authorized_grant_types` varchar(255) CHARACTER SET utf8mb4 COLLATE utf8mb4_unicode_ci NOT NULL COMMENT '授权类型',
  `scopes` varchar(255) CHARACTER SET utf8mb4 COLLATE utf8mb4_unicode_ci NULL DEFAULT NULL COMMENT '授权范围',
  `auto_approve_scopes` varchar(255) CHARACTER SET utf8mb4 COLLATE utf8mb4_unicode_ci NULL DEFAULT NULL COMMENT '自动通过的授权范围',
  `authorities` varchar(255) CHARACTER SET utf8mb4 COLLATE utf8mb4_unicode_ci NULL DEFAULT NULL COMMENT '权限',
  `resource_ids` varchar(255) CHARACTER SET utf8mb4 COLLATE utf8mb4_unicode_ci NULL DEFAULT NULL COMMENT '资源',
  `additional_information` varchar(4096) CHARACTER SET utf8mb4 COLLATE utf8mb4_unicode_ci NULL DEFAULT NULL COMMENT '附加信息',
  `creator` varchar(64) CHARACTER SET utf8mb4 COLLATE utf8mb4_unicode_ci NULL DEFAULT '' COMMENT '创建者',
  `create_time` datetime NOT NULL DEFAULT CURRENT_TIMESTAMP COMMENT '创建时间',
  `updater` varchar(64) CHARACTER SET utf8mb4 COLLATE utf8mb4_unicode_ci NULL DEFAULT '' COMMENT '更新者',
  `update_time` datetime NOT NULL DEFAULT CURRENT_TIMESTAMP ON UPDATE CURRENT_TIMESTAMP COMMENT '更新时间',
  `deleted` bit(1) NOT NULL DEFAULT b'0' COMMENT '是否删除',
  PRIMARY KEY (`id`) USING BTREE
) ENGINE = InnoDB AUTO_INCREMENT = 43 CHARACTER SET = utf8mb4 COLLATE = utf8mb4_unicode_ci COMMENT = 'OAuth2 客户端表';

-- ----------------------------
-- Records of system_oauth2_client
-- ----------------------------
BEGIN;
INSERT INTO `system_oauth2_client` (`id`, `client_id`, `secret`, `name`, `logo`, `description`, `status`, `access_token_validity_seconds`, `refresh_token_validity_seconds`, `redirect_uris`, `authorized_grant_types`, `scopes`, `auto_approve_scopes`, `authorities`, `resource_ids`, `additional_information`, `creator`, `create_time`, `updater`, `update_time`, `deleted`) VALUES (1, 'default', 'admin123', '芋道源码', 'http://test.yudao.iocoder.cn/a5e2e244368878a366b516805a4aabf1.png', '我是描述', 0, 1800, 2592000, '[\"https://www.iocoder.cn\",\"https://doc.iocoder.cn\"]', '[\"password\",\"authorization_code\",\"implicit\",\"refresh_token\"]', '[\"user.read\",\"user.write\"]', '[]', '[\"user.read\",\"user.write\"]', '[]', '{}', '1', '2022-05-11 21:47:12', '1', '2024-02-22 16:31:52', b'0');
INSERT INTO `system_oauth2_client` (`id`, `client_id`, `secret`, `name`, `logo`, `description`, `status`, `access_token_validity_seconds`, `refresh_token_validity_seconds`, `redirect_uris`, `authorized_grant_types`, `scopes`, `auto_approve_scopes`, `authorities`, `resource_ids`, `additional_information`, `creator`, `create_time`, `updater`, `update_time`, `deleted`) VALUES (40, 'test', 'test2', 'biubiu', 'http://test.yudao.iocoder.cn/277a899d573723f1fcdfb57340f00379.png', '啦啦啦啦', 0, 1800, 43200, '[\"https://www.iocoder.cn\"]', '[\"password\",\"authorization_code\",\"implicit\"]', '[\"user_info\",\"projects\"]', '[\"user_info\"]', '[]', '[]', '{}', '1', '2022-05-12 00:28:20', '1', '2023-12-02 21:01:01', b'0');
INSERT INTO `system_oauth2_client` (`id`, `client_id`, `secret`, `name`, `logo`, `description`, `status`, `access_token_validity_seconds`, `refresh_token_validity_seconds`, `redirect_uris`, `authorized_grant_types`, `scopes`, `auto_approve_scopes`, `authorities`, `resource_ids`, `additional_information`, `creator`, `create_time`, `updater`, `update_time`, `deleted`) VALUES (41, 'yudao-sso-demo-by-code', 'test', '基于授权码模式，如何实现 SSO 单点登录？', 'http://test.yudao.iocoder.cn/fe4ed36596adad5120036ef61a6d0153654544d44af8dd4ad3ffe8f759933d6f.png', NULL, 0, 1800, 43200, '[\"http://127.0.0.1:18080\"]', '[\"authorization_code\",\"refresh_token\"]', '[\"user.read\",\"user.write\"]', '[]', '[]', '[]', NULL, '1', '2022-09-29 13:28:31', '1', '2022-09-29 13:28:31', b'0');
INSERT INTO `system_oauth2_client` (`id`, `client_id`, `secret`, `name`, `logo`, `description`, `status`, `access_token_validity_seconds`, `refresh_token_validity_seconds`, `redirect_uris`, `authorized_grant_types`, `scopes`, `auto_approve_scopes`, `authorities`, `resource_ids`, `additional_information`, `creator`, `create_time`, `updater`, `update_time`, `deleted`) VALUES (42, 'yudao-sso-demo-by-password', 'test', '基于密码模式，如何实现 SSO 单点登录？', 'http://test.yudao.iocoder.cn/604bdc695e13b3b22745be704d1f2aa8ee05c5f26f9fead6d1ca49005afbc857.jpeg', NULL, 0, 1800, 43200, '[\"http://127.0.0.1:18080\"]', '[\"password\",\"refresh_token\"]', '[\"user.read\",\"user.write\"]', '[]', '[]', '[]', NULL, '1', '2022-10-04 17:40:16', '1', '2022-10-04 20:31:21', b'0');
COMMIT;

SET FOREIGN_KEY_CHECKS = 1;